symbol,year,operating_activity,investing_activity,financing_activity,net_cash_flow,free_cash_flow
ABB,Mar2016,1544.0,-816.0,-722.0,6.0,728.0
ABB,Mar2020,5437.0,-5643.0,1250.0,1045.0,-206.0
ABB,Mar2019,2591.0,-3050.0,38.0,-421.0,-459.0
ABB,Mar2018,2198.0,-3192.0,1589.0,596.0,-994.0
ABB,Mar2017,2189.0,-1730.0,-455.0,4.0,459.0
ABB,Mar2023,3777.0,-4699.0,923.0,2.0,-922.0
ABB,Mar2015,-35.0,-1864.0,1902.0,3.0,-1899.0
ABB,Mar2014,0.0,0.0,0.0,0.0,0.0
ABB,Mar2024,1213.0,-416.0,-745.0,52.0,797.0
ABB,Mar2023,893.0,-148.0,-639.0,107.0,745.0
ABB,Mar2022,948.0,-396.0,-637.0,-86.0,552.0
ABB,Mar2021,727.0,-72.0,-582.0,73.0,655.0
ABB,Mar2020,626.0,-401.0,-217.0,8.0,225.0
ABB,Mar2019,499.0,-257.0,-143.0,99.0,242.0
ABB,Mar2018,153.0,-215.0,-102.0,-165.0,-62.0
ABB,Mar2021,3784.0,-4009.0,-745.0,-969.0,-225.0
ABB,Mar2017,307.0,-155.0,-90.0,62.0,152.0
ABB,Mar2015,215.0,-187.0,-58.0,-30.0,28.0
ABB,Mar2014,155.0,-144.0,-42.0,-31.0,11.0
ABB,Dec2012,101.0,-59.0,-42.0,1.0,42.0
ABB,Mar2024,6038.0,-4943.0,-543.0,551.0,1095.0
ABB,Mar2016,249.0,-77.0,-80.0,91.0,172.0
ABB,Mar2022,4097.0,-3936.0,-235.0,-75.0,161.0
ADANIENSOL,Mar2014,0.0,0.0,0.0,0.0,0.0
ADANIENSOL,Mar2015,-35.0,-1864.0,1902.0,3.0,-1899.0
ADANIENSOL,Mar2016,1544.0,-816.0,-722.0,6.0,728.0
ADANIENSOL,Mar2017,2189.0,-1730.0,-455.0,4.0,459.0
ADANIENSOL,Mar2018,2198.0,-3192.0,1589.0,596.0,-994.0
ADANIENSOL,Mar2019,2591.0,-3050.0,38.0,-421.0,-459.0
ADANIENSOL,Mar2021,3784.0,-4009.0,-745.0,-969.0,-225.0
ADANIENSOL,Mar2022,4097.0,-3936.0,-235.0,-75.0,161.0
ADANIENSOL,Mar2023,3777.0,-4699.0,923.0,2.0,-922.0
ADANIENSOL,Mar2024,6038.0,-4943.0,-543.0,551.0,1095.0
ADANIENSOL,Mar2020,5437.0,-5643.0,1250.0,1045.0,-206.0
ADANIENT,Mar2021,4043.0,-8611.0,3109.0,-1459.0,-4568.0
ADANIENT,Mar2017,774.0,-1460.0,716.0,30.0,-686.0
ADANIENT,Mar2016,5112.0,-1825.0,-3448.0,-161.0,3287.0
ADANIENT,Mar2015,8532.0,-11465.0,3445.0,512.0,-2933.0
ADANIENT,Mar2014,8228.0,-8007.0,-1109.0,-888.0,221.0
ADANIENT,Mar2013,7666.0,-14790.0,7199.0,75.0,-7124.0
ADANIENT,Mar2018,2942.0,-7649.0,5120.0,413.0,-4707.0
ADANIENT,Mar2019,3236.0,2487.0,-6158.0,-436.0,5723.0
ADANIENT,Mar2024,10312.0,-18767.0,8879.0,424.0,-8455.0
ADANIENT,Mar2023,17626.0,-15459.0,-1198.0,970.0,2167.0
ADANIENT,Mar2022,1385.0,-17041.0,15901.0,246.0,-15656.0
ADANIENT,Mar2020,2454.0,-1082.0,-221.0,1151.0,1372.0
ADANIGREEN,Mar2020,1965.0,-3743.0,2161.0,383.0,-1778.0
ADANIGREEN,Mar2019,1625.0,-2666.0,1045.0,3.0,-1041.0
ADANIGREEN,Mar2022,3127.0,-18730.0,15986.0,383.0,-15603.0
ADANIGREEN,Mar2023,7265.0,-3857.0,-2973.0,435.0,3408.0
ADANIGREEN,Mar2018,649.0,-4428.0,3942.0,162.0,-3779.0
ADANIGREEN,Mar2017,28.0,-1511.0,1559.0,76.0,-1483.0
ADANIGREEN,Mar2021,1601.0,-9137.0,7083.0,-453.0,-7536.0
ADANIGREEN,Mar2024,7713.0,-21060.0,13953.0,606.0,-13347.0
ADANIPORTS,Mar2015,3057.0,-2485.0,-237.0,335.0,572.0
ADANIPORTS,Mar2024,15018.0,-6768.0,-7800.0,450.0,8250.0
ADANIPORTS,Mar2023,11900.0,-16716.0,-2734.0,-7550.0,-4816.0
ADANIPORTS,Mar2022,10420.0,-5493.0,-586.0,4341.0,4927.0
ADANIPORTS,Mar2021,7556.0,-14064.0,3514.0,-2994.0,-6508.0
ADANIPORTS,Mar2020,7402.0,-749.0,-4256.0,2397.0,6653.0
ADANIPORTS,Mar2019,6029.0,-4368.0,2313.0,3975.0,1661.0
ADANIPORTS,Mar2018,5608.0,-3846.0,-1889.0,-127.0,1762.0
ADANIPORTS,Mar2017,4063.0,-2629.0,-1325.0,109.0,1434.0
ADANIPORTS,Mar2013,1379.0,-5136.0,4138.0,381.0,-3757.0
ADANIPORTS,Mar2014,1132.0,-2510.0,772.0,-606.0,-1378.0
ADANIPORTS,Mar2016,2381.0,-4153.0,2170.0,398.0,-1772.0
ADANIPOWER,Mar2015,5824.0,-4737.0,-1144.0,-58.0,1087.0
ADANIPOWER,Mar2014,3238.0,-4700.0,1631.0,169.0,-1462.0
ADANIPOWER,Mar2013,3001.0,-4064.0,861.0,-203.0,-1063.0
ADANIPOWER,Mar2019,5610.0,-984.0,-4663.0,-37.0,4626.0
ADANIPOWER,Mar2018,5101.0,-520.0,-4600.0,-19.0,4581.0
ADANIPOWER,Mar2024,14170.0,3481.0,-16864.0,787.0,17651.0
ADANIPOWER,Mar2023,8431.0,1545.0,-10408.0,-433.0,9976.0
ADANIPOWER,Mar2022,10233.0,774.0,-10338.0,669.0,11007.0
ADANIPOWER,Mar2021,7014.0,-2188.0,-5655.0,-828.0,4826.0
ADANIPOWER,Mar2020,5598.0,-2304.0,-2377.0,917.0,3294.0
ADANIPOWER,Mar2016,5257.0,-2692.0,-2713.0,-148.0,2565.0
ADANIPOWER,Mar2017,4725.0,-1212.0,-3539.0,-26.0,3513.0
AGTL,Mar2021,654.0,-770.0,39.0,-78.0,-116.0
AGTL,Mar2020,492.0,-461.0,-102.0,-71.0,31.0
AGTL,Mar2019,356.0,791.0,-1077.0,70.0,1147.0
AGTL,Mar2018,277.0,-988.0,779.0,68.0,-711.0
AGTL,Mar2024,955.0,-752.0,-78.0,125.0,203.0
AGTL,Mar2023,853.0,-1167.0,295.0,-19.0,-314.0
AGTL,Mar2022,732.0,-1133.0,422.0,21.0,-401.0
AMBUJACEM,Mar2023,735.0,-14481.0,2931.0,-10815.0,-13746.0
AMBUJACEM,Mar2024,5646.0,-8941.0,5689.0,2394.0,-3295.0
AMBUJACEM,Dec2021,5309.0,-2007.0,-516.0,2786.0,3302.0
AMBUJACEM,Dec2020,4832.0,-1317.0,-3956.0,-441.0,3515.0
AMBUJACEM,Dec2019,4739.0,-1191.0,-629.0,2919.0,3548.0
AMBUJACEM,Dec2018,1703.0,-765.0,-719.0,220.0,938.0
AMBUJACEM,Dec2017,3416.0,-738.0,-1015.0,1663.0,2678.0
AMBUJACEM,Dec2015,1557.0,-83.0,-900.0,574.0,1474.0
AMBUJACEM,Dec2016,2810.0,-4165.0,-958.0,-2312.0,-1355.0
AMBUJACEM,Dec2013,1267.0,-496.0,-672.0,99.0,771.0
AMBUJACEM,Dec2012,1860.0,-388.0,-509.0,962.0,1472.0
AMBUJACEM,Dec2014,1675.0,-456.0,-721.0,498.0,1219.0
APOLLOHOSP,Mar2017,623.0,-1152.0,477.0,-52.0,-529.0
APOLLOHOSP,Mar2020,1293.0,-289.0,-910.0,94.0,1004.0
APOLLOHOSP,Mar2021,1265.0,-880.0,-340.0,44.0,385.0
APOLLOHOSP,Mar2022,1696.0,-747.0,-792.0,158.0,949.0
APOLLOHOSP,Mar2019,905.0,-711.0,-215.0,-20.0,194.0
APOLLOHOSP,Mar2023,1377.0,-857.0,-633.0,-113.0,520.0
APOLLOHOSP,Mar2024,1920.0,-1537.0,-311.0,72.0,383.0
APOLLOHOSP,Mar2016,597.0,-888.0,330.0,39.0,-291.0
APOLLOHOSP,Mar2018,537.0,-405.0,-108.0,24.0,132.0
APOLLOHOSP,Mar2014,373.0,-356.0,-63.0,-46.0,17.0
APOLLOHOSP,Mar2013,443.0,-733.0,373.0,83.0,-290.0
APOLLOHOSP,Mar2015,470.0,-759.0,392.0,103.0,-289.0
ASIANPAINT,Mar2017,1527.0,-681.0,-756.0,90.0,846.0
ASIANPAINT,Mar2019,2470.0,-918.0,-1117.0,434.0,1552.0
ASIANPAINT,Mar2020,3038.0,-518.0,-2871.0,-351.0,2520.0
ASIANPAINT,Mar2021,3683.0,-541.0,-650.0,2492.0,3142.0
ASIANPAINT,Mar2022,986.0,-317.0,-1808.0,-1138.0,669.0
ASIANPAINT,Mar2024,6104.0,-2548.0,-2982.0,573.0,3556.0
ASIANPAINT,Mar2018,2113.0,-1556.0,-1379.0,-822.0,557.0
ASIANPAINT,Mar2016,2243.0,-866.0,-849.0,528.0,1377.0
ASIANPAINT,Mar2023,4193.0,-1282.0,-2140.0,771.0,2911.0
ASIANPAINT,Mar2014,1402.0,-586.0,-626.0,190.0,816.0
ASIANPAINT,Mar2013,1187.0,-463.0,-601.0,123.0,724.0
ASIANPAINT,Mar2015,1188.0,-465.0,-576.0,147.0,723.0
AXISBANK,Mar2018,-38390.0,-10007.0,41342.0,-7055.0,-48397.0
AXISBANK,Mar2017,32209.0,-12458.0,-2487.0,17263.0,19751.0
AXISBANK,Mar2016,-34495.0,9211.0,22495.0,-2789.0,-25284.0
AXISBANK,Mar2015,-15162.0,-7972.0,31045.0,7910.0,-23134.0
AXISBANK,Mar2019,37125.0,-18674.0,5643.0,24094.0,18451.0
AXISBANK,Mar2014,14464.0,-14166.0,7785.0,8082.0,298.0
AXISBANK,Mar2020,30416.0,-9485.0,8865.0,29795.0,20931.0
AXISBANK,Mar2021,12633.0,-54288.0,7279.0,-34375.0,-41655.0
AXISBANK,Mar2023,22075.0,-32351.0,6641.0,-3636.0,-10276.0
AXISBANK,Mar2024,-5555.0,-9001.0,22341.0,7785.0,-14556.0
AXISBANK,Mar2013,2573.0,-10939.0,14931.0,6566.0,-8366.0
AXISBANK,Mar2022,28137.0,-27112.0,47894.0,48919.0,1025.0
BAJAJ-AUTO,Mar2024,6558.0,-72.0,-6167.0,319.0,6486.0
BAJAJ-AUTO,Mar2019,2487.0,-273.0,-2074.0,140.0,2214.0
BAJAJ-AUTO,Mar2018,4328.0,-1954.0,-1885.0,488.0,2374.0
BAJAJ-AUTO,Mar2017,3267.0,-3610.0,-190.0,-532.0,-343.0
BAJAJ-AUTO,Mar2016,3690.0,-68.0,-3384.0,238.0,3622.0
BAJAJ-AUTO,Mar2015,2114.0,-380.0,-1644.0,90.0,1734.0
BAJAJ-AUTO,Mar2014,3502.0,-2072.0,-1496.0,-66.0,1430.0
BAJAJ-AUTO,Mar2013,2218.0,-1394.0,-1445.0,-621.0,824.0
BAJAJ-AUTO,Mar2022,4197.0,276.0,-4056.0,417.0,4473.0
BAJAJ-AUTO,Mar2023,5277.0,1211.0,-7181.0,-692.0,6488.0
BAJAJ-AUTO,Mar2022,4197.0,276.0,-4056.0,417.0,4473.0
BAJAJ-AUTO,Mar2021,3120.0,-2869.0,-20.0,231.0,251.0
BAJAJ-AUTO,Mar2020,3850.0,1766.0,-6247.0,-630.0,5616.0
BAJAJ-AUTO,Mar2019,2487.0,-273.0,-2074.0,140.0,2214.0
BAJAJ-AUTO,Mar2018,4328.0,-1954.0,-1885.0,488.0,2374.0
BAJAJ-AUTO,Mar2020,3850.0,1766.0,-6247.0,-630.0,5616.0
BAJAJ-AUTO,Mar2017,3267.0,-3610.0,-190.0,-532.0,-343.0
BAJAJ-AUTO,Mar2015,2114.0,-380.0,-1644.0,90.0,1734.0
BAJAJ-AUTO,Mar2014,3502.0,-2072.0,-1496.0,-66.0,1430.0
BAJAJ-AUTO,Mar2013,2218.0,-1394.0,-1445.0,-621.0,824.0
BAJAJ-AUTO,Mar2023,5277.0,1211.0,-7181.0,-692.0,6488.0
BAJAJ-AUTO,Mar2024,6558.0,-72.0,-6167.0,319.0,6486.0
BAJAJ-AUTO,Mar2016,3690.0,-68.0,-3384.0,238.0,3622.0
BAJAJ-AUTO,Mar2021,3120.0,-2869.0,-20.0,231.0,251.0
BAJAJFINSV,Mar2013,-6922.0,2953.0,4592.0,623.0,-3969.0
BAJAJFINSV,Mar2014,-9807.0,3764.0,6521.0,478.0,-6043.0
BAJAJFINSV,Mar2015,-10731.0,3709.0,6839.0,-183.0,-7022.0
BAJAJFINSV,Mar2016,-9795.0,-886.0,11602.0,921.0,-10681.0
BAJAJFINSV,Mar2017,-10922.0,151.0,12513.0,1742.0,-10771.0
BAJAJFINSV,Mar2018,-19580.0,-922.0,19590.0,-911.0,-20502.0
BAJAJFINSV,Mar2019,-27076.0,-6903.0,34535.0,555.0,-33979.0
BAJAJFINSV,Mar2020,-23369.0,-9948.0,34479.0,1162.0,-33317.0
BAJAJFINSV,Mar2021,4547.0,-3684.0,1687.0,2551.0,863.0
BAJAJFINSV,Mar2023,-39480.0,-13945.0,51016.0,-2409.0,-53425.0
BAJAJFINSV,Mar2024,-68674.0,-10960.0,82709.0,3075.0,-79634.0
BAJAJFINSV,Mar2022,-33670.0,1445.0,32326.0,101.0,-32225.0
BAJAJHLDNG,Mar2013,473.0,-369.0,-332.0,-228.0,104.0
BAJAJHLDNG,Mar2014,872.0,-519.0,-326.0,27.0,353.0
BAJAJHLDNG,Mar2015,796.0,-464.0,-391.0,-59.0,332.0
BAJAJHLDNG,Mar2017,-923.0,-372.0,-110.0,-1406.0,-1295.0
BAJAJHLDNG,Mar2018,1631.0,-1123.0,-434.0,74.0,508.0
BAJAJHLDNG,Mar2019,628.0,-163.0,-536.0,-72.0,465.0
BAJAJHLDNG,Mar2020,1920.0,-800.0,-1028.0,92.0,1120.0
BAJAJHLDNG,Mar2021,272.0,-308.0,-37.0,-73.0,-36.0
BAJAJHLDNG,Mar2022,1610.0,-151.0,-1460.0,-1.0,1459.0
BAJAJHLDNG,Mar2024,1941.0,-472.0,-1455.0,14.0,1469.0
BAJAJHLDNG,Mar2023,1728.0,-137.0,-1587.0,4.0,1591.0
BAJAJHLDNG,Mar2016,1147.0,1019.0,-761.0,1406.0,2166.0
BAJFINANCE,Mar2023,-42112.0,-10394.0,50675.0,-1831.0,-52506.0
BAJFINANCE,Mar2021,-807.0,-429.0,1741.0,505.0,-1236.0
BAJFINANCE,Mar2020,-24412.0,-8758.0,34167.0,998.0,-33170.0
BAJFINANCE,Mar2019,-29062.0,-5379.0,34449.0,9.0,-34441.0
BAJFINANCE,Mar2018,-20566.0,1075.0,19503.0,13.0,-19491.0
BAJFINANCE,Mar2017,-10439.0,-3047.0,12513.0,-972.0,-13486.0
BAJFINANCE,Mar2016,-9870.0,-687.0,11656.0,1100.0,-10557.0
BAJFINANCE,Mar2015,-7064.0,-360.0,6867.0,-557.0,-7424.0
BAJFINANCE,Mar2022,-37090.0,6347.0,32275.0,1532.0,-30743.0
BAJFINANCE,Mar2024,-72760.0,-7171.0,82415.0,2484.0,-79931.0
BANKBARODA,Mar2016,-10011.0,-4005.0,-616.0,-14632.0,-14016.0
BANKBARODA,Mar2013,23196.0,-514.0,-790.0,21892.0,22682.0
BANKBARODA,Mar2017,17865.0,-551.0,-198.0,17116.0,17314.0
BANKBARODA,Mar2019,-1449.0,-2537.0,4449.0,462.0,-3986.0
BANKBARODA,Mar2020,18531.0,-139.0,14729.0,33120.0,18392.0
BANKBARODA,Mar2021,-887.0,-471.0,-986.0,-2344.0,-1358.0
BANKBARODA,Mar2022,6210.0,-3645.0,-998.0,1567.0,2565.0
BANKBARODA,Mar2023,-21354.0,-1096.0,-5405.0,-27855.0,-22450.0
BANKBARODA,Mar2024,-6274.0,-1285.0,5476.0,-2084.0,-7559.0
BANKBARODA,Mar2015,17838.0,-556.0,-6.0,17276.0,17282.0
BANKBARODA,Mar2014,42233.0,-730.0,5151.0,46654.0,41503.0
BANKBARODA,Mar2018,-59692.0,-414.0,3413.0,-56692.0,-60106.0
BEL,Mar2021,5093.0,-2595.0,-1076.0,1422.0,2498.0
BEL,Mar2017,-61.0,3115.0,-2857.0,197.0,3054.0
BEL,Mar2016,2260.0,-1470.0,-318.0,472.0,790.0
BEL,Mar2015,1434.0,-839.0,-209.0,386.0,595.0
BEL,Mar2014,-569.0,759.0,-213.0,-23.0,190.0
BEL,Mar2013,-1539.0,1753.0,-158.0,56.0,214.0
BEL,Mar2018,-687.0,-6.0,-1202.0,-1895.0,-693.0
BEL,Mar2019,1514.0,-896.0,-663.0,-45.0,618.0
BEL,Mar2020,2570.0,-649.0,-1061.0,861.0,1921.0
BEL,Mar2024,4659.0,-5924.0,-1475.0,-2739.0,-1265.0
BEL,Mar2023,1199.0,2708.0,-1262.0,2645.0,3907.0
BEL,Mar2022,4207.0,-4872.0,-1078.0,-1742.0,-665.0
BHARTIARTL,Mar2016,27942.0,-14091.0,-11946.0,1905.0,13851.0
BHARTIARTL,Mar2014,26233.0,-25181.0,2774.0,3826.0,1052.0
BHARTIARTL,Mar2018,29854.0,-27940.0,1920.0,3835.0,1914.0
BHARTIARTL,Mar2019,20070.0,-28286.0,9464.0,1248.0,-8216.0
BHARTIARTL,Mar2013,22608.0,-18676.0,-4566.0,-634.0,3932.0
BHARTIARTL,Mar2015,28059.0,-22301.0,-9672.0,-3914.0,5758.0
BHARTIARTL,Mar2017,28280.0,-30680.0,-351.0,-2752.0,-2400.0
BHARTIARTL,Mar2024,78898.0,-51089.0,-27778.0,31.0,27809.0
BHARTIARTL,Mar2022,55017.0,-41478.0,-15203.0,-1664.0,13539.0
BHARTIARTL,Mar2020,18129.0,-29598.0,19144.0,7675.0,-11469.0
BHARTIARTL,Mar2023,65325.0,-39232.0,-24470.0,1623.0,26093.0
BHARTIARTL,Mar2021,48205.0,-27286.0,-24910.0,-3991.0,20919.0
BHEL,Mar2021,560.0,-42.0,-394.0,123.0,518.0
BHEL,Mar2020,-2892.0,1877.0,1622.0,608.0,-1015.0
BHEL,Mar2019,-3860.0,1919.0,-32.0,-1973.0,-1941.0
BHEL,Mar2018,989.0,961.0,-667.0,1283.0,1950.0
BHEL,Mar2017,560.0,-565.0,-468.0,-473.0,-5.0
BHEL,Mar2016,374.0,23.0,-122.0,275.0,397.0
BHEL,Mar2015,821.0,650.0,-3543.0,-2071.0,1471.0
BHEL,Mar2014,4512.0,-868.0,523.0,4167.0,3644.0
BHEL,Mar2013,1759.0,-1113.0,472.0,1118.0,646.0
BHEL,Mar2023,-741.0,1480.0,89.0,829.0,739.0
BHEL,Mar2024,-3713.0,1331.0,2656.0,274.0,-2382.0
BHEL,Mar2022,660.0,-1118.0,-329.0,-787.0,-458.0
BOSCHLTD,Mar2024,1253.0,283.0,-1452.0,84.0,1536.0
BOSCHLTD,Mar2023,1214.0,262.0,-1239.0,236.0,1476.0
BOSCHLTD,Mar2022,271.0,-33.0,-383.0,-146.0,238.0
BOSCHLTD,Mar2021,835.0,-463.0,-338.0,34.0,372.0
BOSCHLTD,Mar2020,1336.0,-873.0,-399.0,64.0,463.0
BOSCHLTD,Mar2019,593.0,1766.0,-2531.0,-172.0,2359.0
BOSCHLTD,Mar2018,1729.0,-1170.0,-325.0,234.0,559.0
BOSCHLTD,Mar2017,1457.0,1246.0,-2670.0,33.0,2703.0
BOSCHLTD,Mar2015,1396.0,-1183.0,-237.0,-24.0,213.0
BOSCHLTD,Dec2013,1057.0,-846.0,-238.0,-27.0,211.0
BOSCHLTD,Dec2012,871.0,-824.0,-156.0,-108.0,47.0
BOSCHLTD,Mar2016,1318.0,-995.0,-356.0,-33.0,323.0
BPCL,Mar2018,11068.0,-7066.0,-4218.0,-215.0,4002.0
BPCL,Mar2019,10157.0,-10451.0,207.0,-87.0,-294.0
BPCL,Mar2022,20336.0,-8138.0,-17672.0,-5474.0,12198.0
BPCL,Mar2017,9041.0,-15274.0,4804.0,-1429.0,-6233.0
BPCL,Mar2016,11119.0,-9233.0,-1332.0,555.0,1886.0
BPCL,Mar2015,20742.0,-10536.0,-9792.0,414.0,10206.0
BPCL,Mar2014,9588.0,-6881.0,-3736.0,-1029.0,2707.0
BPCL,Mar2013,5926.0,-3604.0,-846.0,1476.0,2322.0
BPCL,Mar2023,12466.0,-7806.0,-4402.0,257.0,4660.0
BPCL,Mar2020,7881.0,-11135.0,3583.0,329.0,-3254.0
BPCL,Mar2024,35936.0,-10521.0,-25427.0,-12.0,25415.0
BPCL,Mar2021,23455.0,-2474.0,-13981.0,7000.0,20981.0
BRITANNIA,Mar2014,671.0,-246.0,-357.0,68.0,425.0
BRITANNIA,Mar2015,584.0,-450.0,-181.0,-47.0,134.0
BRITANNIA,Mar2016,959.0,-705.0,-246.0,8.0,254.0
BRITANNIA,Mar2017,441.0,-150.0,-295.0,-4.0,291.0
BRITANNIA,Mar2018,1249.0,-957.0,-232.0,60.0,292.0
BRITANNIA,Mar2019,1156.0,-852.0,-353.0,-49.0,304.0
BRITANNIA,Mar2020,1485.0,-1526.0,58.0,17.0,-41.0
BRITANNIA,Mar2021,1876.0,433.0,-2242.0,66.0,2309.0
BRITANNIA,Mar2013,320.0,28.0,-378.0,-30.0,348.0
BRITANNIA,Mar2023,2526.0,-1507.0,-1028.0,-9.0,1019.0
BRITANNIA,Mar2024,2573.0,477.0,-2830.0,219.0,3050.0
BRITANNIA,Mar2022,1300.0,914.0,-2246.0,-32.0,2214.0
CANBK,Mar2024,15046.0,-1750.0,-3834.0,9462.0,13296.0
CANBK,Mar2023,-39978.0,-1156.0,445.0,-40689.0,-41134.0
CANBK,Mar2022,919.0,-1429.0,4035.0,3525.0,-510.0
CANBK,Mar2021,59118.0,-1116.0,290.0,58291.0,58002.0
CANBK,Mar2020,-5289.0,-445.0,7792.0,2059.0,-5734.0
CANBK,Mar2019,18237.0,-745.0,-1185.0,16307.0,17492.0
CANBK,Mar2018,-11120.0,-487.0,2865.0,-8743.0,-11607.0
CANBK,Mar2017,2575.0,-476.0,124.0,2224.0,2099.0
CANBK,Mar2015,6344.0,-1104.0,-1464.0,3776.0,5240.0
CANBK,Mar2014,14244.0,-380.0,-3771.0,10092.0,13864.0
CANBK,Mar2013,8010.0,-435.0,-1043.0,6532.0,7575.0
CANBK,Mar2016,9346.0,-443.0,-806.0,8096.0,8903.0
CHOLAFIN,Mar2024,-35683.0,-2855.0,38471.0,-66.0,-38538.0
CHOLAFIN,Mar2023,-27105.0,-2148.0,27466.0,-1787.0,-29253.0
CHOLAFIN,Mar2022,-5571.0,1640.0,5150.0,1218.0,-3931.0
CHOLAFIN,Mar2021,-8848.0,-1746.0,8707.0,-1888.0,-10594.0
CHOLAFIN,Mar2020,-2075.0,-54.0,2452.0,323.0,-2129.0
CHOLAFIN,Mar2019,-9317.0,-11.0,12191.0,2862.0,-9328.0
CHOLAFIN,Mar2018,-7926.0,-60.0,8009.0,22.0,-7986.0
CHOLAFIN,Mar2016,-2809.0,-137.0,3031.0,85.0,-2946.0
CHOLAFIN,Mar2015,-2264.0,-40.0,1819.0,-485.0,-2304.0
CHOLAFIN,Mar2014,-2447.0,-83.0,2749.0,219.0,-2530.0
CHOLAFIN,Mar2013,-3754.0,5.0,4067.0,317.0,-3749.0
CHOLAFIN,Mar2017,-1468.0,-222.0,1692.0,2.0,-1690.0
CIPLA,Mar2024,4134.0,-2982.0,-1200.0,-49.0,1152.0
CIPLA,Mar2019,1691.0,-1688.0,-349.0,-345.0,3.0
CIPLA,Mar2018,1463.0,-834.0,-385.0,243.0,629.0
CIPLA,Mar2017,2382.0,-1304.0,-1326.0,-248.0,1078.0
CIPLA,Mar2016,1741.0,-4533.0,3104.0,312.0,-2792.0
CIPLA,Mar2015,1173.0,-950.0,165.0,388.0,223.0
CIPLA,Mar2014,1563.0,-1265.0,-266.0,33.0,298.0
CIPLA,Mar2013,1398.0,-2063.0,718.0,53.0,-665.0
CIPLA,Mar2022,3326.0,-1858.0,-1600.0,-132.0,1468.0
CIPLA,Mar2023,3238.0,-2376.0,-958.0,-97.0,862.0
CIPLA,Mar2021,3755.0,-2374.0,-1240.0,141.0,1381.0
CIPLA,Mar2020,3068.0,114.0,-2949.0,234.0,3182.0
COALINDIA,Mar2019,16356.0,-7896.0,-10885.0,-2426.0,8460.0
COALINDIA,Mar2018,21115.0,-7747.0,-13564.0,-196.0,13368.0
COALINDIA,Mar2017,16461.0,455.0,-17598.0,-682.0,16916.0
COALINDIA,Mar2016,13154.0,8154.0,-19587.0,1721.0,21308.0
COALINDIA,Mar2015,14382.0,894.0,-15026.0,250.0,15276.0
COALINDIA,Mar2014,14525.0,8580.0,-25350.0,-2246.0,23105.0
COALINDIA,Mar2013,9109.0,-1833.0,-7852.0,-575.0,7276.0
COALINDIA,Mar2020,4977.0,1033.0,-4791.0,1219.0,6010.0
COALINDIA,Mar2021,10592.0,182.0,-8453.0,2321.0,10774.0
COALINDIA,Mar2023,35734.0,-23465.0,-13704.0,-1436.0,12269.0
COALINDIA,Mar2022,41107.0,-25715.0,-13441.0,1951.0,15392.0
COALINDIA,Mar2024,18103.0,-4486.0,-13899.0,-282.0,13617.0
DABUR,Mar2013,870.0,-622.0,-234.0,13.0,248.0
DABUR,Mar2014,1098.0,-104.0,-804.0,190.0,994.0
DABUR,Mar2015,1047.0,-876.0,-417.0,-245.0,171.0
DABUR,Mar2016,1187.0,-730.0,-374.0,82.0,457.0
DABUR,Mar2017,1227.0,-807.0,-339.0,81.0,420.0
DABUR,Mar2019,1499.0,338.0,-1888.0,-51.0,1837.0
DABUR,Mar2020,1614.0,-517.0,-1043.0,54.0,1097.0
DABUR,Mar2021,2115.0,-1404.0,-613.0,97.0,711.0
DABUR,Mar2022,1802.0,-1273.0,-490.0,38.0,529.0
DABUR,Mar2023,1488.0,-583.0,-1035.0,-130.0,905.0
DABUR,Mar2024,2013.0,-971.0,-1161.0,-119.0,1042.0
DABUR,Mar2018,1092.0,-541.0,-577.0,-27.0,551.0
DIVISLAB,Mar2023,2459.0,-2707.0,-797.0,-1045.0,-248.0
DIVISLAB,Mar2024,1261.0,-269.0,-799.0,193.0,992.0
DIVISLAB,Mar2022,1912.0,-2195.0,-532.0,-816.0,-283.0
DIVISLAB,Mar2021,1947.0,75.0,-35.0,1987.0,2022.0
DIVISLAB,Mar2020,1216.0,-83.0,-1091.0,41.0,1133.0
DIVISLAB,Mar2019,954.0,-685.0,-246.0,23.0,269.0
DIVISLAB,Mar2018,776.0,-478.0,-314.0,-17.0,298.0
DIVISLAB,Mar2017,1150.0,-1140.0,2.0,13.0,10.0
DIVISLAB,Mar2015,826.0,-521.0,-303.0,3.0,305.0
DIVISLAB,Mar2014,557.0,-305.0,-248.0,3.0,252.0
DIVISLAB,Mar2013,480.0,-255.0,-231.0,-5.0,225.0
DIVISLAB,Mar2016,1038.0,-406.0,-631.0,0.0,632.0
DLF,Mar2022,2832.0,267.0,-3828.0,-729.0,3099.0
DLF,Mar2017,-898.0,872.0,787.0,761.0,-26.0
DLF,Mar2016,2957.0,-818.0,-1929.0,210.0,2139.0
DLF,Mar2015,2037.0,98.0,-1547.0,588.0,2135.0
DLF,Mar2014,1468.0,3924.0,-4532.0,860.0,5392.0
DLF,Mar2013,2009.0,1995.0,-3951.0,52.0,4004.0
DLF,Mar2020,356.0,6508.0,-9522.0,-2658.0,6864.0
DLF,Mar2021,1460.0,150.0,-2184.0,-573.0,1610.0
DLF,Mar2019,2043.0,3.0,875.0,2921.0,2046.0
DLF,Mar2018,270.0,-2102.0,-232.0,-2064.0,-1832.0
DLF,Mar2024,2539.0,-1529.0,177.0,1186.0,1010.0
DLF,Mar2023,2375.0,-461.0,-2013.0,-98.0,1914.0
DMART,Mar2016,433.0,-633.0,196.0,-3.0,-200.0
DMART,Mar2015,222.0,-474.0,234.0,-17.0,-252.0
DMART,Mar2019,807.0,-958.0,209.0,57.0,-151.0
DMART,Mar2014,198.0,-270.0,65.0,-7.0,-72.0
DMART,Mar2013,127.0,-231.0,118.0,14.0,-104.0
DMART,Mar2017,455.0,-2482.0,2025.0,-1.0,-2027.0
DMART,Mar2018,730.0,464.0,-1159.0,34.0,1194.0
DMART,Mar2023,2630.0,-2313.0,-205.0,112.0,317.0
DMART,Mar2022,1372.0,-1289.0,-179.0,-96.0,83.0
DMART,Mar2024,2746.0,-2468.0,-148.0,130.0,278.0
DMART,Mar2020,1280.0,-4657.0,3357.0,-19.0,-3377.0
DMART,Mar2021,1375.0,-1110.0,-180.0,86.0,265.0
DRREDDY,Mar2021,3570.0,-2255.0,-30.0,1286.0,1315.0
DRREDDY,Mar2024,4543.0,-4034.0,-376.0,133.0,509.0
DRREDDY,Mar2019,2870.0,-769.0,-2133.0,-31.0,2101.0
DRREDDY,Mar2018,1803.0,-1483.0,-444.0,-124.0,320.0
DRREDDY,Mar2017,2144.0,-1890.0,-369.0,-114.0,254.0
DRREDDY,Mar2016,3263.0,-1610.0,-1700.0,-47.0,1653.0
DRREDDY,Mar2015,2524.0,-2370.0,-433.0,-280.0,154.0
DRREDDY,Mar2014,1970.0,-1604.0,-24.0,342.0,366.0
DRREDDY,Mar2013,1378.0,-1437.0,-157.0,-216.0,-59.0
DRREDDY,Mar2020,2984.0,-495.0,-2516.0,-27.0,2489.0
DRREDDY,Mar2022,2811.0,-2565.0,-242.0,3.0,246.0
DRREDDY,Mar2023,5888.0,-4109.0,-2686.0,-907.0,1779.0
EICHERMOT,Dec2012,496.0,-773.0,-111.0,-388.0,-277.0
EICHERMOT,Dec2013,716.0,-790.0,-47.0,-121.0,-74.0
EICHERMOT,Mar2016,1463.0,-1001.0,-466.0,-4.0,462.0
EICHERMOT,Mar2017,1708.0,-1744.0,25.0,-10.0,-36.0
EICHERMOT,Mar2018,2482.0,-2145.0,-262.0,75.0,337.0
EICHERMOT,Mar2019,1575.0,-660.0,-292.0,623.0,915.0
EICHERMOT,Mar2020,1694.0,-1508.0,-858.0,-673.0,186.0
EICHERMOT,Mar2021,1691.0,-1625.0,-15.0,51.0,66.0
EICHERMOT,Mar2022,1527.0,-983.0,-593.0,-50.0,544.0
EICHERMOT,Mar2023,2823.0,-2397.0,-417.0,8.0,426.0
EICHERMOT,Mar2024,3724.0,-2834.0,-844.0,45.0,890.0
EICHERMOT,Dec2014,1047.0,-1214.0,-162.0,-329.0,-167.0
GAIL,Mar2022,9420.0,-5490.0,-3917.0,13.0,3930.0
GAIL,Mar2024,12586.0,-8226.0,-3457.0,902.0,4360.0
GAIL,Mar2023,3205.0,-7453.0,2972.0,-1276.0,-4248.0
GAIL,Mar2021,8993.0,-4640.0,-3471.0,882.0,4353.0
GAIL,Mar2020,8345.0,-8299.0,281.0,328.0,46.0
GAIL,Mar2019,7984.0,-5701.0,-3364.0,-1081.0,2283.0
GAIL,Mar2018,8769.0,-2660.0,-5252.0,858.0,6109.0
GAIL,Mar2017,6024.0,-334.0,-5275.0,415.0,5690.0
GAIL,Mar2016,3960.0,-904.0,-3028.0,29.0,3056.0
GAIL,Mar2014,4615.0,-4466.0,-3.0,146.0,149.0
GAIL,Mar2013,6603.0,-8626.0,3642.0,1618.0,-2023.0
GAIL,Mar2015,4214.0,-2809.0,-3058.0,-1653.0,1405.0
GODREJCP,Mar2020,1588.0,-552.0,-1295.0,-259.0,1036.0
GODREJCP,Mar2015,1027.0,-1236.0,-12.0,-221.0,-209.0
GODREJCP,Mar2014,1116.0,-494.0,-620.0,1.0,622.0
GODREJCP,Mar2013,820.0,-865.0,282.0,237.0,-45.0
GODREJCP,Mar2018,1723.0,-336.0,-1384.0,3.0,1387.0
GODREJCP,Mar2019,1729.0,274.0,-2039.0,-36.0,2003.0
GODREJCP,Mar2017,1860.0,-2243.0,665.0,282.0,-383.0
GODREJCP,Mar2024,2070.0,-3435.0,1406.0,41.0,-1365.0
GODREJCP,Mar2023,2151.0,-1754.0,-794.0,-398.0,397.0
GODREJCP,Mar2022,1451.0,-844.0,-380.0,227.0,607.0
GODREJCP,Mar2016,847.0,-622.0,-202.0,23.0,225.0
GODREJCP,Mar2021,2030.0,-292.0,-1816.0,-79.0,1738.0
GRASIM,Mar2014,3549.0,-2336.0,-1046.0,168.0,1213.0
GRASIM,Mar2016,5868.0,-4515.0,-1365.0,-11.0,1353.0
GRASIM,Mar2017,7288.0,-3509.0,-3799.0,-20.0,3779.0
GRASIM,Mar2013,4242.0,-5687.0,1348.0,-97.0,-1445.0
GRASIM,Mar2015,4594.0,-2359.0,-2278.0,-42.0,2235.0
GRASIM,Mar2019,-1659.0,-2212.0,4158.0,287.0,-3871.0
GRASIM,Mar2021,15075.0,-7146.0,-8003.0,-75.0,7929.0
GRASIM,Mar2022,7038.0,-1053.0,-6733.0,-748.0,5985.0
GRASIM,Mar2023,-12685.0,-13712.0,26469.0,72.0,-26397.0
GRASIM,Mar2024,-10719.0,-23114.0,33908.0,75.0,-33833.0
GRASIM,Mar2018,-4140.0,1546.0,3449.0,856.0,-2594.0
GRASIM,Mar2020,16620.0,-11364.0,-3418.0,1838.0,5256.0
HAL,Mar2017,-423.0,3021.0,-164.0,2433.0,2598.0
HAL,Mar2019,-7694.0,5292.0,2321.0,-80.0,-2402.0
HAL,Mar2020,1537.0,-1334.0,64.0,266.0,203.0
HAL,Mar2021,15124.0,-1190.0,-7070.0,6864.0,13934.0
HAL,Mar2022,10180.0,-12789.0,-1464.0,-4072.0,-2609.0
HAL,Mar2023,8836.0,-5734.0,-1731.0,1370.0,3102.0
HAL,Mar2024,8226.0,-6412.0,-1999.0,-185.0,1814.0
HAL,Mar2018,-734.0,594.0,-2540.0,-2680.0,-140.0
HAVELLS,Mar2021,660.0,-763.0,190.0,87.0,-103.0
HAVELLS,Mar2024,1953.0,-1618.0,-534.0,-199.0,335.0
HAVELLS,Mar2023,565.0,31.0,-907.0,-311.0,596.0
HAVELLS,Mar2022,1728.0,-759.0,-547.0,421.0,969.0
HAVELLS,Mar2020,827.0,-548.0,-716.0,-437.0,279.0
HAVELLS,Mar2019,501.0,185.0,-318.0,368.0,686.0
HAVELLS,Mar2018,1100.0,-946.0,-409.0,-255.0,154.0
HAVELLS,Mar2017,767.0,-220.0,-98.0,450.0,547.0
HAVELLS,Mar2016,513.0,-121.0,-621.0,-229.0,392.0
HAVELLS,Mar2015,963.0,-485.0,-754.0,-277.0,478.0
HAVELLS,Mar2013,638.0,-144.0,-252.0,242.0,494.0
HAVELLS,Mar2014,868.0,-376.0,-310.0,183.0,492.0
HCLTECH,Mar2019,8971.0,-3256.0,-1471.0,4244.0,5715.0
HCLTECH,Jun2015,5539.0,-2088.0,-3140.0,311.0,3451.0
HCLTECH,Mar2020,13359.0,-12332.0,-3168.0,-2141.0,1027.0
HCLTECH,Mar2021,19618.0,-5665.0,-11192.0,2761.0,13953.0
HCLTECH,Mar2022,16900.0,1597.0,-14508.0,3989.0,18497.0
HCLTECH,Mar2023,18009.0,-3573.0,-15881.0,-1445.0,14436.0
HCLTECH,Mar2024,22448.0,-6608.0,-15464.0,376.0,15840.0
HCLTECH,Mar2017,8995.0,-3890.0,-4517.0,588.0,5105.0
HCLTECH,Jun2013,4492.0,-2361.0,-2086.0,44.0,2131.0
HCLTECH,Jun2014,6457.0,-4842.0,-1308.0,307.0,1615.0
HCLTECH,Mar2018,8328.0,-2236.0,-5714.0,378.0,6092.0
HCLTECH,Mar2016,3823.0,-2208.0,-2237.0,-623.0,1615.0
HDFCBANK,Mar2013,-5847.0,-902.0,13105.0,6356.0,-6749.0
HDFCBANK,Mar2014,4211.0,-1099.0,9270.0,12382.0,3112.0
HDFCBANK,Mar2015,-21281.0,-800.0,18694.0,-3387.0,-22081.0
HDFCBANK,Mar2016,-34435.0,-837.0,37815.0,2542.0,-35272.0
HDFCBANK,Mar2020,-16869.0,-1403.0,24394.0,6122.0,-18272.0
HDFCBANK,Mar2019,-62872.0,-1503.0,23131.0,-41244.0,-64375.0
HDFCBANK,Mar2024,19069.0,16600.0,-3983.0,31687.0,35669.0
HDFCBANK,Mar2023,20814.0,-2992.0,23941.0,41762.0,17822.0
HDFCBANK,Mar2022,-11960.0,-2051.0,48124.0,34113.0,-14011.0
HDFCBANK,Mar2021,42476.0,-1823.0,-7321.0,33332.0,40653.0
HDFCBANK,Mar2017,17282.0,-1146.0,-5893.0,10242.0,16136.0
HDFCBANK,Mar2018,17214.0,-842.0,57378.0,73750.0,16372.0
HDFCLIFE,Mar2018,6739.0,-4421.0,-196.0,2122.0,2318.0
HDFCLIFE,Mar2017,6230.0,-5177.0,-236.0,817.0,1053.0
HDFCLIFE,Mar2016,5687.0,-3962.0,-212.0,1513.0,1725.0
HDFCLIFE,Mar2015,4459.0,-3514.0,-168.0,777.0,945.0
HDFCLIFE,Mar2022,5943.0,-801.0,-238.0,4904.0,5142.0
HDFCLIFE,Mar2024,10721.0,-13614.0,-403.0,-3296.0,-2893.0
HDFCLIFE,Mar2021,9703.0,-8952.0,678.0,1429.0,751.0
HDFCLIFE,Mar2023,6883.0,-10071.0,1985.0,-1203.0,-3188.0
HDFCLIFE,Mar2019,9868.0,-10182.0,-337.0,-651.0,-314.0
HDFCLIFE,Mar2020,7388.0,-7789.0,38.0,-364.0,-401.0
HEROMOTOCO,Mar2021,4110.0,-2289.0,-1852.0,-31.0,1821.0
HEROMOTOCO,Mar2020,5518.0,-2819.0,-2602.0,97.0,2699.0
HEROMOTOCO,Mar2019,1032.0,1298.0,-2252.0,78.0,2330.0
HEROMOTOCO,Mar2018,4017.0,-1858.0,-2102.0,57.0,2159.0
HEROMOTOCO,Mar2017,4007.0,-1972.0,-2036.0,-1.0,2035.0
HEROMOTOCO,Mar2016,3722.0,-2300.0,-1475.0,-53.0,1422.0
HEROMOTOCO,Mar2015,2186.0,31.0,-2131.0,86.0,2217.0
HEROMOTOCO,Mar2014,2963.0,-1616.0,-1414.0,-66.0,1347.0
HEROMOTOCO,Mar2023,2614.0,-421.0,-2147.0,45.0,2193.0
HEROMOTOCO,Mar2024,4923.0,-1828.0,-2717.0,379.0,3095.0
HEROMOTOCO,Mar2022,2104.0,-222.0,-1975.0,-94.0,1882.0
HINDALCO,Mar2024,24056.0,-14267.0,-10817.0,-1028.0,9789.0
HINDALCO,Mar2023,19208.0,-7559.0,-10450.0,1199.0,11649.0
HINDALCO,Mar2022,16838.0,-6773.0,-6765.0,3300.0,10065.0
HINDALCO,Mar2021,17232.0,-25280.0,-4882.0,-12930.0,-8048.0
HINDALCO,Mar2020,12745.0,-7227.0,6656.0,12174.0,5518.0
HINDALCO,Mar2019,11977.0,-5456.0,-5466.0,1055.0,6521.0
HINDALCO,Mar2018,10898.0,5333.0,-16412.0,-181.0,16231.0
HINDALCO,Mar2017,12687.0,-2876.0,-5552.0,4259.0,9811.0
HINDALCO,Mar2016,11688.0,-3220.0,-8862.0,-394.0,8468.0
HINDALCO,Mar2014,7956.0,-8095.0,1493.0,1353.0,-139.0
HINDALCO,Mar2013,2977.0,-13801.0,10278.0,-545.0,-10824.0
HINDALCO,Mar2015,7143.0,-3873.0,-2437.0,833.0,3270.0
HINDUNILVR,Mar2024,15469.0,-5324.0,-10034.0,111.0,10145.0
HINDUNILVR,Mar2021,9163.0,-1228.0,-9309.0,-1374.0,7935.0
HINDUNILVR,Mar2020,7623.0,1791.0,-6819.0,2595.0,9414.0
HINDUNILVR,Mar2019,5800.0,-438.0,-5390.0,-28.0,5362.0
HINDUNILVR,Mar2018,6059.0,-1063.0,-4975.0,21.0,4996.0
HINDUNILVR,Mar2017,5185.0,-1173.0,-4214.0,-202.0,4012.0
HINDUNILVR,Mar2016,4171.0,-282.0,-3864.0,25.0,3889.0
HINDUNILVR,Mar2015,3292.0,138.0,-3462.0,-33.0,3430.0
HINDUNILVR,Mar2014,3818.0,-475.0,-2960.0,383.0,3343.0
HINDUNILVR,Mar2013,3605.0,63.0,-4147.0,-480.0,3668.0
HINDUNILVR,Mar2022,9048.0,-1728.0,-8015.0,-695.0,7320.0
HINDUNILVR,Mar2023,9991.0,-1484.0,-8953.0,-446.0,8507.0
ICICIBANK,Mar2014,6765.0,-15750.0,7872.0,-1113.0,-8985.0
ICICIBANK,Mar2015,-12273.0,-13175.0,24827.0,-621.0,-25448.0
ICICIBANK,Mar2016,23645.0,-12060.0,5814.0,17399.0,11585.0
ICICIBANK,Mar2018,19383.0,-50551.0,39676.0,8508.0,-31168.0
ICICIBANK,Mar2019,48671.0,-30282.0,-19997.0,-1608.0,18389.0
ICICIBANK,Mar2020,79565.0,-42095.0,2992.0,40462.0,37470.0
ICICIBANK,Mar2021,138015.0,-63631.0,-54667.0,19718.0,74384.0
ICICIBANK,Mar2022,58111.0,-39448.0,17451.0,36114.0,18663.0
ICICIBANK,Mar2023,-3771.0,-67689.0,24791.0,-46669.0,-71460.0
ICICIBANK,Mar2013,17494.0,-18563.0,9283.0,8215.0,-1069.0
ICICIBANK,Mar2024,157284.0,-144737.0,13765.0,26312.0,12547.0
ICICIBANK,Mar2017,52636.0,-1711.0,-35470.0,15455.0,50925.0
ICICIGI,Mar2017,1628.0,-1990.0,361.0,-1.0,-362.0
ICICIGI,Mar2020,3433.0,-3382.0,-420.0,-369.0,51.0
ICICIGI,Mar2016,511.0,-310.0,-148.0,53.0,201.0
ICICIGI,Mar2015,-98.0,171.0,-93.0,-20.0,73.0
ICICIGI,Mar2014,595.0,-706.0,4.0,-108.0,-111.0
ICICIGI,Mar2013,984.0,-962.0,102.0,124.0,22.0
ICICIGI,Mar2021,1774.0,-1367.0,-212.0,195.0,407.0
ICICIGI,Mar2022,809.0,135.0,-879.0,65.0,944.0
ICICIGI,Mar2018,2390.0,-1896.0,-96.0,398.0,494.0
ICICIGI,Mar2023,2290.0,-1685.0,-695.0,-90.0,605.0
ICICIGI,Mar2024,2407.0,-1921.0,-355.0,131.0,486.0
ICICIGI,Mar2019,2976.0,-2856.0,-310.0,-190.0,120.0
ICICIPRULI,Mar2013,-2641.0,1564.0,-514.0,-1591.0,-1077.0
ICICIPRULI,Mar2014,-2382.0,6012.0,-1091.0,2539.0,3630.0
ICICIPRULI,Mar2015,523.0,-1822.0,-966.0,-2264.0,-1299.0
ICICIPRULI,Mar2016,3634.0,27.0,-1442.0,2219.0,3661.0
ICICIPRULI,Mar2017,4130.0,-696.0,-994.0,2439.0,3434.0
ICICIPRULI,Mar2018,5690.0,-5389.0,-1188.0,-887.0,301.0
ICICIPRULI,Mar2019,11377.0,-7559.0,-843.0,2975.0,3818.0
ICICIPRULI,Mar2024,-7315.0,7420.0,-88.0,17.0,105.0
ICICIPRULI,Mar2022,1831.0,-816.0,-319.0,696.0,1015.0
ICICIPRULI,Mar2020,8596.0,-10797.0,-405.0,-2606.0,-2201.0
ICICIPRULI,Mar2023,89.0,-1145.0,-112.0,-1168.0,-1056.0
ICICIPRULI,Mar2021,7314.0,-5084.0,1205.0,3434.0,2230.0
INDIGO,Mar2021,-1620.0,3228.0,-1775.0,-168.0,1608.0
INDIGO,Mar2020,6943.0,-4573.0,-2407.0,-37.0,2370.0
INDIGO,Mar2019,3160.0,-2526.0,-592.0,42.0,634.0
INDIGO,Mar2018,3903.0,-4152.0,766.0,518.0,-249.0
INDIGO,Mar2017,3782.0,-3033.0,-1401.0,-652.0,749.0
INDIGO,Mar2016,3116.0,-1337.0,-1220.0,559.0,1779.0
INDIGO,Mar2015,2384.0,-940.0,-1308.0,136.0,1444.0
INDIGO,Mar2014,1595.0,-2914.0,1285.0,-34.0,-1319.0
INDIGO,Mar2013,1741.0,-1890.0,36.0,-113.0,-149.0
INDIGO,Mar2023,12703.0,-4039.0,-8432.0,232.0,8664.0
INDIGO,Mar2024,21183.0,-11759.0,-9979.0,-555.0,9424.0
INDIGO,Mar2022,2064.0,1527.0,-3088.0,503.0,3591.0
INDUSINDBK,Mar2023,-12438.0,-441.0,1115.0,-11763.0,-12879.0
INDUSINDBK,Mar2022,16600.0,-351.0,-4302.0,11947.0,16249.0
INDUSINDBK,Mar2021,44646.0,-226.0,-4096.0,40324.0,44420.0
INDUSINDBK,Mar2020,-12039.0,526.0,12733.0,1220.0,-11513.0
INDUSINDBK,Mar2019,-6389.0,-633.0,8590.0,1568.0,-7022.0
INDUSINDBK,Mar2018,-20700.0,-217.0,15505.0,-5412.0,-20917.0
INDUSINDBK,Mar2017,11569.0,-285.0,-2768.0,8516.0,11284.0
INDUSINDBK,Mar2016,-2927.0,-258.0,2517.0,-667.0,-3185.0
INDUSINDBK,Mar2015,-1421.0,-276.0,5707.0,4010.0,-1697.0
INDUSINDBK,Mar2014,-4106.0,-174.0,4200.0,-79.0,-4280.0
INDUSINDBK,Mar2013,-486.0,-174.0,1969.0,1309.0,-660.0
INDUSINDBK,Mar2024,-16843.0,-625.0,-2242.0,-19710.0,-17468.0
INFY,Mar2021,23224.0,-7373.0,-9786.0,6065.0,15851.0
INFY,Mar2024,25210.0,-5093.0,-17504.0,2613.0,20117.0
INFY,Mar2023,22467.0,-1071.0,-26695.0,-5299.0,21396.0
INFY,Mar2022,23885.0,-6485.0,-24642.0,-7242.0,17400.0
INFY,Mar2020,17003.0,-331.0,-17591.0,-919.0,16672.0
INFY,Mar2019,14841.0,-632.0,-14512.0,-303.0,14209.0
INFY,Mar2018,13218.0,4533.0,-20505.0,-2754.0,17751.0
INFY,Mar2017,11531.0,-14664.0,-6939.0,-10072.0,-3133.0
INFY,Mar2016,10028.0,-885.0,-6813.0,2330.0,9143.0
INFY,Mar2015,8353.0,999.0,-4935.0,4417.0,9352.0
INFY,Mar2013,7373.0,-2922.0,-3210.0,1241.0,4451.0
INFY,Mar2014,9825.0,-2563.0,-3144.0,4118.0,7262.0
IOC,Mar2019,12747.0,-22569.0,10436.0,614.0,-9822.0
IOC,Mar2015,46092.0,-10215.0,-38283.0,-2406.0,35877.0
IOC,Mar2020,7146.0,-29101.0,22456.0,502.0,-21955.0
IOC,Mar2021,49650.0,-22935.0,-27369.0,-653.0,26715.0
IOC,Mar2022,25747.0,-21294.0,-4058.0,395.0,4453.0
IOC,Mar2023,29644.0,-28030.0,-1794.0,-180.0,1614.0
IOC,Mar2024,71099.0,-31464.0,-39385.0,250.0,39635.0
IOC,Mar2017,28216.0,-17684.0,-10937.0,-405.0,10532.0
IOC,Mar2013,9340.0,-9294.0,352.0,398.0,46.0
IOC,Mar2014,24195.0,-18594.0,-3116.0,2485.0,5601.0
IOC,Mar2018,29115.0,-17119.0,-12007.0,-11.0,11996.0
IOC,Mar2016,25624.0,-13610.0,-11890.0,124.0,12014.0
IRCTC,Mar2015,69.0,-46.0,-17.0,6.0,23.0
IRCTC,Mar2016,288.0,7.0,-31.0,263.0,295.0
IRCTC,Mar2017,338.0,94.0,-136.0,296.0,432.0
IRCTC,Mar2018,24.0,40.0,-57.0,7.0,64.0
IRCTC,Mar2023,812.0,-317.0,-434.0,61.0,495.0
IRCTC,Mar2021,248.0,-453.0,-47.0,-252.0,-205.0
IRCTC,Mar2022,524.0,-242.0,-258.0,23.0,282.0
IRCTC,Mar2024,882.0,-215.0,-404.0,262.0,667.0
IRCTC,Mar2019,499.0,-353.0,-179.0,-33.0,146.0
IRCTC,Mar2020,409.0,8.0,-280.0,137.0,417.0
IRFC,Mar2016,-16378.0,2.0,17582.0,1206.0,-16376.0
IRFC,Mar2017,-19455.0,2.0,18250.0,-1204.0,-19453.0
IRFC,Mar2018,-28076.0,2.0,28075.0,0.0,-28074.0
IRFC,Mar2019,-41748.0,1.0,41749.0,3.0,-41747.0
IRFC,Mar2020,-62701.0,1.0,62697.0,-2.0,-62700.0
IRFC,Mar2022,-64412.0,-5.0,64266.0,-151.0,-64417.0
IRFC,Mar2023,-28588.0,0.0,28644.0,56.0,-28588.0
IRFC,Mar2024,7914.0,-8.0,-8046.0,-140.0,7906.0
IRFC,Mar2021,-89907.0,0.0,90202.0,296.0,-89907.0
ITC,Mar2024,17179.0,1563.0,-18551.0,191.0,18742.0
ITC,Mar2023,18878.0,-5732.0,-13006.0,139.0,13146.0
ITC,Mar2022,15776.0,-2238.0,-13580.0,-43.0,13538.0
ITC,Mar2021,12527.0,5740.0,-18634.0,-367.0,18267.0
ITC,Mar2020,14690.0,-6174.0,-8181.0,334.0,8516.0
ITC,Mar2019,12583.0,-5546.0,-6869.0,169.0,7037.0
ITC,Mar2018,13169.0,-7114.0,-6221.0,-166.0,6055.0
ITC,Mar2016,9799.0,-3921.0,-5613.0,266.0,5878.0
ITC,Mar2015,9843.0,-5275.0,-4661.0,-93.0,4568.0
ITC,Mar2014,7344.0,-3254.0,-4122.0,-32.0,4090.0
ITC,Mar2013,7102.0,-3881.0,-3310.0,-90.0,3221.0
ITC,Mar2017,10627.0,-3251.0,-7301.0,75.0,7376.0
JINDALSTEL,Mar2024,6008.0,-8344.0,1381.0,-955.0,-2336.0
JINDALSTEL,Mar2019,9027.0,-832.0,-8261.0,-67.0,8195.0
JINDALSTEL,Mar2018,7724.0,-1431.0,-6276.0,17.0,6293.0
JINDALSTEL,Mar2017,6850.0,-1998.0,-5108.0,-256.0,4852.0
JINDALSTEL,Mar2016,4333.0,-2262.0,-2672.0,-601.0,2071.0
JINDALSTEL,Mar2015,1182.0,-6717.0,5708.0,173.0,-5535.0
JINDALSTEL,Mar2014,4580.0,-12694.0,8879.0,766.0,-8114.0
JINDALSTEL,Mar2013,3522.0,-9591.0,6111.0,43.0,-6069.0
JINDALSTEL,Mar2022,16048.0,-2331.0,-15120.0,-1403.0,13717.0
JINDALSTEL,Mar2023,7347.0,-4090.0,-2500.0,757.0,3257.0
JINDALSTEL,Mar2021,11961.0,-1884.0,-4612.0,5465.0,10077.0
JINDALSTEL,Mar2020,8814.0,-1476.0,-7016.0,322.0,7338.0
JIOFIN,Mar2024,-678.0,1441.0,-753.0,11.0,763.0
JIOFIN,Mar2023,2055.0,-1110.0,-889.0,56.0,945.0
JSWENERGY,Mar2017,3853.0,-762.0,-2595.0,496.0,3091.0
JSWENERGY,Mar2016,3538.0,-3272.0,-1622.0,-1357.0,266.0
JSWENERGY,Mar2015,3394.0,-422.0,-2327.0,645.0,2972.0
JSWENERGY,Mar2014,2269.0,-363.0,-1859.0,48.0,1906.0
JSWENERGY,Mar2013,1725.0,-944.0,-684.0,96.0,781.0
JSWENERGY,Mar2018,3934.0,-215.0,-3968.0,-249.0,3719.0
JSWENERGY,Mar2019,2491.0,-55.0,-2523.0,-87.0,2436.0
JSWENERGY,Mar2024,6234.0,-8197.0,1675.0,-289.0,-1963.0
JSWENERGY,Mar2022,2952.0,-1387.0,-781.0,784.0,1565.0
JSWENERGY,Mar2020,2082.0,301.0,-1962.0,421.0,2383.0
JSWENERGY,Mar2023,2084.0,-6778.0,7327.0,2634.0,-4694.0
JSWENERGY,Mar2021,3700.0,-1030.0,-2515.0,155.0,2670.0
JSWSTEEL,Mar2021,18789.0,-7702.0,-3110.0,7977.0,11087.0
JSWSTEEL,Mar2024,12078.0,-14467.0,-5005.0,-7394.0,-2389.0
JSWSTEEL,Mar2019,14633.0,-11387.0,1753.0,4999.0,3246.0
JSWSTEEL,Mar2018,12379.0,-4529.0,-8185.0,-335.0,7850.0
JSWSTEEL,Mar2017,7888.0,-5094.0,-2710.0,84.0,2794.0
JSWSTEEL,Mar2016,6897.0,-3857.0,-3151.0,-111.0,3040.0
JSWSTEEL,Mar2015,7876.0,-7372.0,-169.0,334.0,504.0
JSWSTEEL,Mar2014,2594.0,-5618.0,3300.0,276.0,-3024.0
JSWSTEEL,Mar2013,5844.0,-5433.0,-791.0,-380.0,411.0
JSWSTEEL,Mar2020,12785.0,-19589.0,5189.0,-1615.0,-6804.0
JSWSTEEL,Mar2022,26270.0,-14748.0,-14657.0,-3135.0,11522.0
JSWSTEEL,Mar2023,23323.0,-10730.0,-5977.0,6616.0,12593.0
KOTAKBANK,Mar2013,2878.0,-9035.0,7099.0,942.0,-6157.0
KOTAKBANK,Mar2014,9068.0,-1130.0,-5814.0,2125.0,7938.0
KOTAKBANK,Mar2016,5025.0,-2353.0,2024.0,4696.0,2672.0
KOTAKBANK,Mar2017,13222.0,-5289.0,6055.0,13989.0,7933.0
KOTAKBANK,Mar2018,-10392.0,-5475.0,14679.0,-1188.0,-15867.0
KOTAKBANK,Mar2019,1822.0,-3323.0,8365.0,6864.0,-1501.0
KOTAKBANK,Mar2020,46619.0,-13068.0,-735.0,32815.0,33551.0
KOTAKBANK,Mar2021,4881.0,-11172.0,-10072.0,-16363.0,-6291.0
KOTAKBANK,Mar2022,8308.0,-10903.0,7543.0,4949.0,-2595.0
KOTAKBANK,Mar2023,-1242.0,-10381.0,1883.0,-9740.0,-11623.0
KOTAKBANK,Mar2024,15685.0,-8919.0,15515.0,22281.0,6766.0
KOTAKBANK,Mar2015,2302.0,-4467.0,2426.0,260.0,-2165.0
LICI,Mar2024,26122.0,-25269.0,-4427.0,-3574.0,853.0
LICI,Mar2023,54519.0,-52848.0,-949.0,722.0,1671.0
LICI,Mar2022,-3783.0,12531.0,0.0,8748.0,8748.0
LICI,Mar2021,80602.0,148447.0,-256125.0,-27077.0,229049.0
LICI,Mar2020,54367.0,-40415.0,-18664.0,-4712.0,13952.0
LICI,Mar2019,13274.0,9636.0,-13700.0,9210.0,22910.0
LODHA,Mar2016,387.0,-854.0,330.0,-137.0,-467.0
LODHA,Mar2019,-463.0,-175.0,736.0,97.0,-638.0
LODHA,Mar2018,696.0,-651.0,24.0,69.0,45.0
LODHA,Mar2017,1469.0,-1174.0,-312.0,-16.0,295.0
LODHA,Mar2022,1998.0,1139.0,-2888.0,250.0,3137.0
LODHA,Mar2023,2750.0,1789.0,-3706.0,834.0,4539.0
LODHA,Mar2024,2512.0,-2947.0,951.0,516.0,-435.0
LODHA,Mar2020,3772.0,182.0,-4188.0,-234.0,3954.0
LODHA,Mar2021,2524.0,420.0,-2835.0,109.0,2944.0
LT,Mar2013,-4355.0,-6922.0,11429.0,152.0,-11277.0
LT,Mar2014,-7143.0,-5510.0,13136.0,483.0,-12653.0
LT,Mar2015,-1365.0,-4778.0,7903.0,1759.0,-6143.0
LT,Mar2016,-3240.0,-4627.0,7253.0,-613.0,-7867.0
LT,Mar2017,6655.0,-9796.0,2896.0,-245.0,-3141.0
LT,Mar2018,-10031.0,3914.0,9370.0,3254.0,-6117.0
LT,Mar2019,-4756.0,-11023.0,15440.0,-338.0,-15779.0
LT,Mar2020,6694.0,-8408.0,6372.0,4658.0,-1714.0
LT,Mar2021,23074.0,-5750.0,-15274.0,2049.0,17324.0
LT,Mar2023,22777.0,-8048.0,-11572.0,3156.0,14729.0
LT,Mar2024,18266.0,2179.0,-25413.0,-4968.0,20445.0
LT,Mar2022,19164.0,-3585.0,-15181.0,397.0,15579.0
LTIM,Mar2013,608.0,-224.0,-396.0,-13.0,384.0
LTIM,Mar2015,642.0,-103.0,-497.0,42.0,539.0
LTIM,Mar2016,858.0,-40.0,-817.0,2.0,818.0
LTIM,Mar2017,1170.0,-961.0,-33.0,176.0,209.0
LTIM,Mar2018,844.0,-452.0,-408.0,-16.0,392.0
LTIM,Mar2019,1395.0,-749.0,-594.0,52.0,646.0
LTIM,Mar2020,1644.0,-643.0,-890.0,110.0,1001.0
LTIM,Mar2022,3251.0,-1643.0,-1680.0,-73.0,1608.0
LTIM,Mar2023,3095.0,-271.0,-1932.0,892.0,2824.0
LTIM,Mar2024,5670.0,-3918.0,-2269.0,-518.0,1752.0
LTIM,Mar2021,2400.0,-1657.0,-509.0,234.0,743.0
LTIM,Mar2014,628.0,180.0,-769.0,40.0,808.0
M&M,Mar2022,9248.0,-3252.0,-5883.0,113.0,5996.0
M&M,Mar2024,-5630.0,-5615.0,12281.0,1037.0,-11245.0
M&M,Mar2023,-7074.0,-8866.0,15946.0,6.0,-15940.0
M&M,Mar2021,17909.0,-19686.0,406.0,-1370.0,-1777.0
M&M,Mar2020,-1457.0,-6870.0,6933.0,-1394.0,-8327.0
M&M,Mar2019,-4347.0,-7174.0,13194.0,1672.0,-11521.0
M&M,Mar2018,682.0,-5467.0,6314.0,1529.0,-4785.0
M&M,Mar2017,183.0,-5875.0,6108.0,416.0,-5692.0
M&M,Mar2016,2385.0,-5506.0,2967.0,-154.0,-3121.0
M&M,Mar2014,-244.0,-4524.0,5577.0,810.0,-4768.0
M&M,Mar2013,-922.0,-2903.0,4508.0,684.0,-3825.0
M&M,Mar2015,1055.0,-4357.0,1669.0,-1633.0,-3302.0
MARUTI,Mar2020,3496.0,-557.0,-3104.0,-165.0,2939.0
MARUTI,Mar2015,6449.0,-4491.0,-2004.0,-45.0,1958.0
MARUTI,Mar2014,4995.0,-4997.0,-74.0,-76.0,-2.0
MARUTI,Mar2013,4059.0,-3119.0,-979.0,-39.0,940.0
MARUTI,Mar2018,11788.0,-8302.0,-3436.0,50.0,3486.0
MARUTI,Mar2019,6601.0,-3540.0,-2948.0,113.0,3061.0
MARUTI,Mar2017,10282.0,-9173.0,-1129.0,-20.0,1109.0
MARUTI,Mar2024,16801.0,-11865.0,-4062.0,874.0,4936.0
MARUTI,Mar2023,10815.0,-8820.0,-1214.0,780.0,1995.0
MARUTI,Mar2022,1840.0,-239.0,-1607.0,-6.0,1601.0
MARUTI,Mar2016,8482.0,-7230.0,-1237.0,16.0,1252.0
MARUTI,Mar2021,8856.0,-7291.0,-1545.0,20.0,1565.0
MOTHERSON,Mar2014,2695.0,-1372.0,-1080.0,243.0,1323.0
MOTHERSON,Mar2016,2188.0,-1906.0,-263.0,19.0,282.0
MOTHERSON,Mar2017,3800.0,-6145.0,5518.0,3172.0,-2345.0
MOTHERSON,Mar2013,1486.0,-1089.0,-256.0,142.0,397.0
MOTHERSON,Mar2015,3390.0,-2844.0,494.0,1040.0,546.0
MOTHERSON,Mar2022,2463.0,-2304.0,-1217.0,-1059.0,159.0
MOTHERSON,Mar2020,6352.0,-2220.0,-2803.0,1329.0,4132.0
MOTHERSON,Mar2024,7569.0,-6644.0,1281.0,2205.0,925.0
MOTHERSON,Mar2023,4643.0,-2248.0,-2734.0,-339.0,2395.0
MOTHERSON,Mar2018,3264.0,-3194.0,-2221.0,-2152.0,70.0
MOTHERSON,Mar2021,5051.0,-1886.0,-2098.0,1068.0,3165.0
MOTHERSON,Mar2019,4312.0,-3318.0,-225.0,769.0,994.0
NAUKRI,Mar2019,276.0,-59.0,-78.0,138.0,217.0
NAUKRI,Mar2018,253.0,-149.0,-75.0,29.0,104.0
NAUKRI,Mar2017,213.0,-165.0,-42.0,7.0,48.0
NAUKRI,Mar2016,78.0,-2.0,-66.0,11.0,76.0
NAUKRI,Mar2015,51.0,-1051.0,1025.0,25.0,-1000.0
NAUKRI,Mar2014,81.0,-204.0,130.0,7.0,-123.0
NAUKRI,Mar2013,75.0,-46.0,-12.0,16.0,29.0
NAUKRI,Mar2023,512.0,-358.0,2.0,156.0,154.0
NAUKRI,Mar2022,707.0,-1177.0,35.0,-435.0,-470.0
NAUKRI,Mar2024,702.0,-852.0,120.0,-29.0,-150.0
NAUKRI,Mar2020,350.0,97.0,-143.0,304.0,447.0
NAUKRI,Mar2021,276.0,-2043.0,1880.0,113.0,-1767.0
NESTLEIND,Dec2021,2236.0,-1920.0,-2020.0,-1704.0,316.0
NESTLEIND,Dec2020,2454.0,-321.0,-1956.0,177.0,2133.0
NESTLEIND,Dec2019,2295.0,83.0,-3602.0,-1223.0,2378.0
NESTLEIND,Dec2018,2052.0,-52.0,-1317.0,683.0,2000.0
NESTLEIND,Dec2017,1818.0,-131.0,-997.0,691.0,1687.0
NESTLEIND,Dec2016,1466.0,-126.0,-666.0,674.0,1340.0
NESTLEIND,Dec2015,1098.0,-70.0,-498.0,529.0,1028.0
NESTLEIND,Dec2014,1644.0,-432.0,-1635.0,-423.0,1212.0
NESTLEIND,Dec2013,1796.0,-441.0,-580.0,775.0,1355.0
NESTLEIND,Dec2023,3392.0,-927.0,-2436.0,29.0,2465.0
NESTLEIND,Dec2022,2737.0,-392.0,-2123.0,223.0,2345.0
NESTLEIND,Mar2024,4175.0,-1237.0,-3135.0,-198.0,2938.0
NHPC,Mar2013,2846.0,-1330.0,-1344.0,172.0,1516.0
NHPC,Mar2014,3824.0,-1122.0,-4536.0,-1834.0,2702.0
NHPC,Mar2015,4061.0,-768.0,-2494.0,798.0,3293.0
NHPC,Mar2016,5971.0,-746.0,-4000.0,1224.0,5225.0
NHPC,Mar2017,8329.0,-1864.0,-7812.0,-1347.0,6465.0
NHPC,Mar2019,3824.0,-1182.0,-2637.0,5.0,2642.0
NHPC,Mar2020,2993.0,-2987.0,12.0,17.0,6.0
NHPC,Mar2021,5070.0,-1607.0,-3058.0,405.0,3463.0
NHPC,Mar2022,4590.0,-3084.0,-638.0,867.0,1506.0
NHPC,Mar2023,4705.0,-4191.0,-795.0,-281.0,514.0
NHPC,Mar2024,6938.0,-5968.0,-581.0,388.0,970.0
NHPC,Mar2018,4696.0,-886.0,-3863.0,-53.0,3810.0
NTPC,Mar2018,19670.0,-20678.0,1028.0,19.0,-1008.0
NTPC,Mar2019,18686.0,-24063.0,4927.0,-451.0,-5377.0
NTPC,Mar2022,41788.0,-22891.0,-19172.0,-274.0,18897.0
NTPC,Mar2017,20167.0,-24480.0,3138.0,-1176.0,-4313.0
NTPC,Mar2016,24125.0,-19162.0,-3899.0,1064.0,4963.0
NTPC,Mar2015,14889.0,-15977.0,-1474.0,-2563.0,-1088.0
NTPC,Mar2014,16531.0,-15509.0,-2709.0,-1687.0,1022.0
NTPC,Mar2013,16508.0,-16845.0,988.0,651.0,-337.0
NTPC,Mar2023,47152.0,-26145.0,-21217.0,-210.0,21007.0
NTPC,Mar2020,23890.0,-29628.0,6004.0,266.0,-5738.0
NTPC,Mar2024,40785.0,-32141.0,-8246.0,398.0,8644.0
NTPC,Mar2021,32444.0,-21034.0,-11049.0,360.0,11410.0
ONGC,Mar2014,53270.0,-63633.0,15225.0,4862.0,-10363.0
ONGC,Mar2015,33950.0,-30058.0,-10641.0,-6749.0,3892.0
ONGC,Mar2016,46292.0,-38256.0,-8972.0,-935.0,8036.0
ONGC,Mar2017,45780.0,-43815.0,-1867.0,99.0,1965.0
ONGC,Mar2018,56792.0,-66798.0,9909.0,-97.0,-10006.0
ONGC,Mar2019,61458.0,-37132.0,-23324.0,1001.0,24326.0
ONGC,Mar2020,70593.0,-53159.0,-16726.0,708.0,17434.0
ONGC,Mar2021,47185.0,-39141.0,-8239.0,-195.0,8044.0
ONGC,Mar2013,39874.0,-41220.0,-6927.0,-8273.0,-1346.0
ONGC,Mar2023,86062.0,-74690.0,-12876.0,-1504.0,11372.0
ONGC,Mar2024,99263.0,-57203.0,-45650.0,-3591.0,42060.0
ONGC,Mar2022,78248.0,-41197.0,-35790.0,1261.0,37051.0
PFC,Mar2013,-25102.0,22.0,27947.0,2868.0,-25080.0
PFC,Mar2014,-22473.0,9.0,17671.0,-4793.0,-22464.0
PFC,Mar2015,-21455.0,-491.0,26916.0,4970.0,-21946.0
PFC,Mar2016,-13298.0,-1973.0,10383.0,-4888.0,-15271.0
PFC,Mar2018,-57148.0,1409.0,52018.0,-3720.0,-55739.0
PFC,Mar2019,-80252.0,-13463.0,93616.0,-98.0,-93715.0
PFC,Mar2020,-42148.0,-73.0,43399.0,1179.0,-42221.0
PFC,Mar2021,-59143.0,1741.0,60424.0,3023.0,-57402.0
PFC,Mar2022,4904.0,-547.0,-8371.0,-4014.0,4357.0
PFC,Mar2023,-74717.0,-1694.0,75537.0,-874.0,-76411.0
PFC,Mar2024,-97820.0,-3409.0,101261.0,32.0,-101229.0
PFC,Mar2017,1795.0,-667.0,1950.0,3079.0,1128.0
PIDILITIND,Mar2023,1558.0,-899.0,-656.0,2.0,659.0
PIDILITIND,Mar2024,2724.0,-1769.0,-742.0,212.0,955.0
PIDILITIND,Mar2022,955.0,-558.0,-468.0,-71.0,397.0
PIDILITIND,Mar2021,1392.0,-1688.0,-76.0,-372.0,-296.0
PIDILITIND,Mar2020,1280.0,103.0,-849.0,533.0,1383.0
PIDILITIND,Mar2019,845.0,-513.0,-361.0,-29.0,332.0
PIDILITIND,Mar2018,796.0,39.0,-790.0,46.0,835.0
PIDILITIND,Mar2017,794.0,-879.0,41.0,-45.0,-85.0
PIDILITIND,Mar2015,552.0,-436.0,-165.0,-49.0,116.0
PIDILITIND,Mar2014,394.0,-99.0,-242.0,54.0,295.0
PIDILITIND,Mar2013,472.0,-144.0,-339.0,-12.0,328.0
PIDILITIND,Mar2016,907.0,-491.0,-371.0,45.0,416.0
PNB,Mar2022,20032.0,-1204.0,2032.0,20859.0,18828.0
PNB,Mar2017,21938.0,159.0,-9767.0,12330.0,22097.0
PNB,Mar2016,14167.0,-1352.0,5975.0,18790.0,12815.0
PNB,Mar2015,4814.0,-872.0,7451.0,11393.0,3942.0
PNB,Mar2014,16906.0,-302.0,2129.0,18733.0,16604.0
PNB,Mar2013,-692.0,-600.0,-694.0,-1987.0,-1292.0
PNB,Mar2020,-12793.0,-338.0,13591.0,460.0,-13131.0
PNB,Mar2021,30950.0,-787.0,5415.0,35579.0,30163.0
PNB,Mar2019,-33532.0,-629.0,13969.0,-20192.0,-34161.0
PNB,Mar2018,-1742.0,392.0,7460.0,6109.0,-1350.0
PNB,Mar2024,-27939.0,-1506.0,3518.0,-25928.0,-29445.0
PNB,Mar2023,22592.0,-732.0,1275.0,23135.0,21860.0
POWERGRID,Mar2016,15008.0,-21576.0,5621.0,-948.0,-6568.0
POWERGRID,Mar2015,15800.0,-24185.0,6399.0,-1986.0,-8385.0
POWERGRID,Mar2019,23271.0,-18727.0,-2431.0,2113.0,4544.0
POWERGRID,Mar2014,15223.0,-26639.0,13712.0,2295.0,-11416.0
POWERGRID,Mar2013,11690.0,-22084.0,9962.0,-432.0,-10394.0
POWERGRID,Mar2017,21575.0,-23836.0,3959.0,1698.0,-2261.0
POWERGRID,Mar2018,22710.0,-25701.0,1285.0,-1707.0,-2991.0
POWERGRID,Mar2024,37290.0,-13114.0,-25903.0,-1728.0,24176.0
POWERGRID,Mar2022,26124.0,753.0,-28967.0,-2091.0,26877.0
POWERGRID,Mar2020,30739.0,-10733.0,-18806.0,1199.0,20006.0
POWERGRID,Mar2023,40203.0,-7138.0,-30450.0,2615.0,33065.0
POWERGRID,Mar2021,29403.0,-9244.0,-20521.0,-362.0,20159.0
RECLTD,Mar2021,-43512.0,861.0,42113.0,-538.0,-42651.0
RECLTD,Mar2020,-32712.0,121.0,33926.0,1336.0,-32591.0
RECLTD,Mar2019,-35866.0,457.0,35543.0,134.0,-35409.0
RECLTD,Mar2018,-32510.0,46.0,28244.0,-4220.0,-32464.0
RECLTD,Mar2017,6805.0,-101.0,-3947.0,2757.0,6704.0
RECLTD,Mar2016,-13278.0,-756.0,15291.0,1257.0,-14034.0
RECLTD,Mar2015,-23898.0,151.0,23098.0,-649.0,-23747.0
RECLTD,Mar2014,-17244.0,136.0,16815.0,-293.0,-17108.0
RECLTD,Mar2013,-20059.0,152.0,16059.0,-3847.0,-19907.0
RECLTD,Mar2023,-37360.0,-943.0,38123.0,-180.0,-38303.0
RECLTD,Mar2024,-57723.0,-1831.0,59588.0,34.0,-59554.0
RECLTD,Mar2022,-819.0,-287.0,68.0,-1038.0,-1106.0
RELIANCE,Mar2013,36918.0,-27601.0,408.0,9725.0,9317.0
RELIANCE,Mar2014,43261.0,-73070.0,13713.0,-16096.0,-29809.0
RELIANCE,Mar2015,34374.0,-64706.0,8444.0,-21888.0,-30332.0
RELIANCE,Mar2017,49550.0,-66201.0,8617.0,-8034.0,-16651.0
RELIANCE,Mar2018,71459.0,-68192.0,-2001.0,1266.0,3267.0
RELIANCE,Mar2019,42346.0,-94507.0,55906.0,3745.0,-52161.0
RELIANCE,Mar2020,94877.0,-72497.0,-2541.0,19839.0,22380.0
RELIANCE,Mar2021,26958.0,-142385.0,101904.0,-13523.0,-115427.0
RELIANCE,Mar2022,110654.0,-109162.0,17289.0,18781.0,1492.0
RELIANCE,Mar2024,158788.0,-113581.0,-16646.0,28561.0,45207.0
RELIANCE,Mar2023,115032.0,-93001.0,10455.0,32486.0,22031.0
RELIANCE,Mar2016,38134.0,-36186.0,-3210.0,-1262.0,1948.0
SBILIFE,Mar2024,29122.0,-31221.0,-227.0,-2327.0,-2099.0
SBILIFE,Mar2023,28656.0,-30203.0,-415.0,-1962.0,-1547.0
SBILIFE,Mar2022,21852.0,-21611.0,-231.0,10.0,241.0
SBILIFE,Mar2021,23878.0,-19203.0,3.0,4677.0,4675.0
SBILIFE,Mar2020,19299.0,-16986.0,-198.0,2114.0,2313.0
SBILIFE,Mar2019,13473.0,-13552.0,-241.0,-321.0,-79.0
SBILIFE,Mar2018,10395.0,-8910.0,-221.0,1264.0,1485.0
SBILIFE,Mar2016,5778.0,-7204.0,-144.0,-1570.0,-1426.0
SBILIFE,Mar2015,2711.0,-178.0,-117.0,2416.0,2533.0
SBILIFE,Mar2014,166.0,-708.0,-58.0,-600.0,-542.0
SBILIFE,Mar2013,1130.0,-227.0,-58.0,845.0,903.0
SBILIFE,Mar2017,8525.0,-9032.0,-144.0,-651.0,-507.0
SBIN,Mar2024,21632.0,-3476.0,-9896.0,8260.0,18156.0
SBIN,Mar2019,29556.0,220.0,448.0,30223.0,29776.0
SBIN,Mar2018,-96508.0,13053.0,5547.0,-77908.0,-83455.0
SBIN,Mar2017,77406.0,-4572.0,-4196.0,68638.0,72834.0
SBIN,Mar2016,14477.0,-2747.0,4348.0,16078.0,11730.0
SBIN,Mar2015,26297.0,-3424.0,-1553.0,21320.0,22873.0
SBIN,Mar2014,19142.0,-791.0,3583.0,21934.0,18351.0
SBIN,Mar2013,24332.0,-2271.0,-4424.0,17637.0,22061.0
SBIN,Mar2022,57695.0,-2652.0,-3845.0,51198.0,55043.0
SBIN,Mar2023,-86014.0,-966.0,6386.0,-80593.0,-86980.0
SBIN,Mar2021,89919.0,-3670.0,7143.0,93392.0,86249.0
SBIN,Mar2020,23929.0,-555.0,5430.0,28803.0,23374.0
SHREECEM,Mar2019,2080.0,-720.0,-1276.0,84.0,1360.0
SHREECEM,Mar2018,1879.0,-3595.0,1726.0,10.0,-1716.0
SHREECEM,Mar2017,2202.0,-2048.0,-167.0,-13.0,154.0
SHREECEM,Mar2016,1566.0,-1265.0,-271.0,31.0,301.0
SHREECEM,Jun2015,1239.0,-990.0,-259.0,-10.0,249.0
SHREECEM,Jun2014,1401.0,-1234.0,-156.0,11.0,167.0
SHREECEM,Jun2013,1260.0,-270.0,-982.0,8.0,990.0
SHREECEM,Mar2020,3973.0,-5590.0,1581.0,-36.0,-1617.0
SHREECEM,Mar2024,3347.0,-1418.0,-1710.0,220.0,1929.0
SHREECEM,Mar2021,4254.0,-2651.0,-1233.0,370.0,1603.0
SHREECEM,Mar2022,2668.0,-2143.0,-849.0,-324.0,525.0
SHREECEM,Mar2023,2569.0,-2405.0,-277.0,-113.0,164.0
SHRIRAMFIN,Mar2013,-8359.0,-41.0,9060.0,661.0,-8400.0
SHRIRAMFIN,Mar2014,-4055.0,-112.0,5010.0,843.0,-4167.0
SHRIRAMFIN,Mar2015,-9611.0,-45.0,7836.0,-1819.0,-9656.0
SHRIRAMFIN,Mar2017,-2677.0,-2.0,3017.0,338.0,-2679.0
SHRIRAMFIN,Mar2018,-13142.0,86.0,13014.0,-42.0,-13056.0
SHRIRAMFIN,Mar2019,-5535.0,-76.0,5550.0,-62.0,-5611.0
SHRIRAMFIN,Mar2020,-2464.0,-55.0,4579.0,2060.0,-2519.0
SHRIRAMFIN,Mar2021,-4239.0,-25.0,12226.0,7962.0,-4264.0
SHRIRAMFIN,Mar2022,-8859.0,-34.0,8505.0,-388.0,-8893.0
SHRIRAMFIN,Mar2023,-17625.0,5076.0,11820.0,-730.0,-12549.0
SHRIRAMFIN,Mar2024,-31101.0,-258.0,27609.0,-3750.0,-31359.0
SHRIRAMFIN,Mar2016,-5507.0,-36.0,2822.0,-2721.0,-5543.0
SIEMENS,Sep2021,1422.0,-2389.0,-502.0,-1469.0,-967.0
SIEMENS,Sep2024,1670.0,-502.0,-523.0,644.0,1168.0
SIEMENS,Sep2023,1400.0,-759.0,-450.0,191.0,641.0
SIEMENS,Sep2022,978.0,-34.0,-392.0,552.0,944.0
SIEMENS,Sep2020,720.0,871.0,-386.0,1205.0,1591.0
SIEMENS,Sep2019,1273.0,-1135.0,-312.0,-174.0,138.0
SIEMENS,Sep2018,100.0,-174.0,-305.0,-379.0,-74.0
SIEMENS,Sep2017,573.0,1321.0,-285.0,1610.0,1894.0
SIEMENS,Sep2016,513.0,237.0,-1614.0,-864.0,750.0
SIEMENS,Sep2015,574.0,646.0,-245.0,975.0,1220.0
SIEMENS,Sep2011,3.0,264.0,-196.0,70.0,267.0
SIEMENS,Sep2014,608.0,130.0,-220.0,517.0,738.0
SUNPHARMA,Mar2019,2196.0,-310.0,-2731.0,-844.0,1886.0
SUNPHARMA,Mar2015,5616.0,-1502.0,-1187.0,2927.0,4114.0
SUNPHARMA,Mar2020,6555.0,-2225.0,-5715.0,-1386.0,4330.0
SUNPHARMA,Mar2021,6170.0,407.0,-5980.0,596.0,6577.0
SUNPHARMA,Mar2022,8985.0,-5556.0,-5193.0,-1765.0,3429.0
SUNPHARMA,Mar2023,4959.0,-7220.0,2376.0,115.0,-2261.0
SUNPHARMA,Mar2024,12135.0,-763.0,-6710.0,4662.0,11372.0
SUNPHARMA,Mar2017,7082.0,-4186.0,-2285.0,611.0,2896.0
SUNPHARMA,Mar2013,3357.0,-2375.0,-665.0,316.0,982.0
SUNPHARMA,Mar2014,3959.0,-2176.0,507.0,2290.0,1783.0
SUNPHARMA,Mar2018,3907.0,-3104.0,-1539.0,-736.0,803.0
SUNPHARMA,Mar2016,6686.0,-3949.0,-1889.0,848.0,2737.0
TATACONSUM,Mar2013,173.0,24.0,186.0,383.0,197.0
TATACONSUM,Mar2014,422.0,-1.0,-363.0,57.0,421.0
TATACONSUM,Mar2015,418.0,-207.0,-392.0,-182.0,211.0
TATACONSUM,Mar2016,116.0,145.0,-282.0,-21.0,261.0
TATACONSUM,Mar2020,1082.0,-622.0,-308.0,152.0,460.0
TATACONSUM,Mar2024,1937.0,-1911.0,256.0,281.0,26.0
TATACONSUM,Mar2023,1461.0,-834.0,-714.0,-87.0,627.0
TATACONSUM,Mar2019,210.0,53.0,-224.0,39.0,263.0
TATACONSUM,Mar2022,1516.0,-1317.0,-995.0,-796.0,199.0
TATACONSUM,Mar2021,1656.0,-346.0,-426.0,884.0,1310.0
TATACONSUM,Mar2017,741.0,145.0,-816.0,70.0,886.0
TATACONSUM,Mar2018,356.0,-31.0,-30.0,294.0,325.0
TATAMOTORS,Mar2018,23857.0,-25139.0,2012.0,730.0,-1282.0
TATAMOTORS,Mar2017,30199.0,-39571.0,6205.0,-3167.0,-9372.0
TATAMOTORS,Mar2016,37900.0,-36694.0,-3795.0,-2589.0,1206.0
TATAMOTORS,Mar2015,35531.0,-36232.0,5201.0,4500.0,-701.0
TATAMOTORS,Mar2014,36151.0,-27991.0,-3883.0,4277.0,8160.0
TATAMOTORS,Mar2013,22163.0,-22969.0,-1692.0,-2499.0,-806.0
TATAMOTORS,Mar2023,35388.0,-15417.0,-26243.0,-6272.0,19971.0
TATAMOTORS,Mar2021,29001.0,-25672.0,9904.0,13232.0,3329.0
TATAMOTORS,Mar2019,18891.0,-20878.0,8830.0,6843.0,-1987.0
TATAMOTORS,Mar2024,67915.0,-22782.0,-37006.0,8128.0,45133.0
TATAMOTORS,Mar2022,14283.0,-4444.0,-3380.0,6459.0,9839.0
TATAMOTORS,Mar2020,26633.0,-33115.0,3390.0,-3092.0,-6482.0
TATAPOWER,Mar2020,7375.0,-493.0,-5110.0,1773.0,6882.0
TATAPOWER,Mar2019,4574.0,-272.0,-5184.0,-883.0,4302.0
TATAPOWER,Mar2018,6364.0,-1512.0,-4726.0,126.0,4852.0
TATAPOWER,Mar2017,7014.0,-7373.0,937.0,579.0,-359.0
TATAPOWER,Mar2016,7415.0,-1805.0,-6183.0,-574.0,5610.0
TATAPOWER,Mar2015,5981.0,-3865.0,-2239.0,-123.0,2116.0
TATAPOWER,Mar2014,6483.0,-3609.0,-3265.0,-392.0,2874.0
TATAPOWER,Mar2013,3286.0,-4026.0,-593.0,-1333.0,-740.0
TATAPOWER,Mar2024,12596.0,-9027.0,-4497.0,-928.0,3569.0
TATAPOWER,Mar2023,7166.0,-7263.0,1341.0,1243.0,-97.0
TATAPOWER,Mar2021,8345.0,993.0,-7603.0,1736.0,9338.0
TATAPOWER,Mar2022,6693.0,-6250.0,-1183.0,-741.0,443.0
TATASTEEL,Mar2022,44381.0,-10905.0,-23401.0,10075.0,33476.0
TATASTEEL,Mar2021,44327.0,-9437.0,-37090.0,-2200.0,34890.0
TATASTEEL,Mar2020,20169.0,-14012.0,-1695.0,4462.0,6157.0
TATASTEEL,Mar2019,25336.0,-29176.0,-673.0,-4513.0,-3840.0
TATASTEEL,Mar2018,8023.0,-11730.0,6640.0,2933.0,-3707.0
TATASTEEL,Mar2017,10824.0,-9490.0,-2579.0,-1245.0,1334.0
TATASTEEL,Mar2016,11455.0,-8794.0,-4729.0,-2068.0,2661.0
TATASTEEL,Mar2015,11880.0,-9021.0,-2617.0,241.0,2859.0
TATASTEEL,Mar2014,13146.0,-15378.0,1015.0,-1218.0,-2232.0
TATASTEEL,Mar2013,14035.0,-13099.0,-1780.0,-844.0,936.0
TATASTEEL,Mar2024,20301.0,-14253.0,-11097.0,-5049.0,6048.0
TATASTEEL,Mar2023,21683.0,-18179.0,-6981.0,-3477.0,3504.0
TCS,Mar2013,11615.0,-6038.0,-5729.0,-152.0,5577.0
TCS,Mar2024,44338.0,6091.0,-48536.0,1893.0,50429.0
TCS,Mar2023,41965.0,548.0,-47878.0,-5365.0,42513.0
TCS,Mar2022,39949.0,-738.0,-33581.0,5630.0,39211.0
TCS,Mar2021,38802.0,-7956.0,-32634.0,-1788.0,30846.0
TCS,Mar2020,32369.0,8968.0,-39915.0,1422.0,41337.0
TCS,Mar2019,28593.0,1645.0,-27897.0,2341.0,30238.0
TCS,Mar2018,25067.0,3104.0,-26885.0,1286.0,28171.0
TCS,Mar2017,25223.0,-16895.0,-11026.0,-2698.0,8328.0
TCS,Mar2016,19109.0,-5010.0,-9666.0,4433.0,14099.0
TCS,Mar2015,19369.0,-1807.0,-17168.0,394.0,17562.0
TCS,Mar2014,14751.0,-9452.0,-5673.0,-374.0,5299.0
TCS,Mar2013,11615.0,-6038.0,-5729.0,-152.0,5577.0
TCS,Mar2024,44338.0,6091.0,-48536.0,1893.0,50429.0
TCS,Mar2023,41965.0,548.0,-47878.0,-5365.0,42513.0
TCS,Mar2022,39949.0,-738.0,-33581.0,5630.0,39211.0
TCS,Mar2021,38802.0,-7956.0,-32634.0,-1788.0,30846.0
TCS,Mar2020,32369.0,8968.0,-39915.0,1422.0,41337.0
TCS,Mar2019,28593.0,1645.0,-27897.0,2341.0,30238.0
TCS,Mar2018,25067.0,3104.0,-26885.0,1286.0,28171.0
TCS,Mar2017,25223.0,-16895.0,-11026.0,-2698.0,8328.0
TCS,Mar2016,19109.0,-5010.0,-9666.0,4433.0,14099.0
TCS,Mar2015,19369.0,-1807.0,-17168.0,394.0,17562.0
TCS,Mar2014,14751.0,-9452.0,-5673.0,-374.0,5299.0
TECHM,Mar2024,6376.0,-1318.0,-4767.0,291.0,5058.0
TECHM,Mar2023,5572.0,-226.0,-5078.0,267.0,5346.0
TECHM,Mar2021,8094.0,-5433.0,-2987.0,-326.0,2661.0
TECHM,Mar2020,4358.0,1081.0,-4466.0,974.0,5439.0
TECHM,Mar2019,4432.0,-2104.0,-2251.0,77.0,2328.0
TECHM,Mar2022,5285.0,480.0,-4667.0,1098.0,5765.0
TECHM,Mar2017,4071.0,-2893.0,-1571.0,-392.0,1178.0
TECHM,Mar2016,3137.0,-1453.0,-496.0,1188.0,1684.0
TECHM,Mar2015,2448.0,-1865.0,-829.0,-246.0,583.0
TECHM,Mar2014,1596.0,291.0,-972.0,915.0,1887.0
TECHM,Mar2013,855.0,-622.0,65.0,298.0,233.0
TECHM,Mar2018,3554.0,-3319.0,-269.0,-35.0,235.0
TITAN,Mar2024,1695.0,-189.0,-1329.0,177.0,1506.0
TITAN,Mar2023,1370.0,-1814.0,457.0,13.0,-444.0
TITAN,Mar2022,-724.0,1165.0,-403.0,38.0,441.0
TITAN,Mar2021,4139.0,-2799.0,-1234.0,106.0,1340.0
TITAN,Mar2020,-348.0,235.0,-242.0,-355.0,-113.0
TITAN,Mar2019,1243.0,-797.0,-489.0,-43.0,446.0
TITAN,Mar2018,-51.0,98.0,-252.0,-206.0,47.0
TITAN,Mar2016,576.0,-159.0,-505.0,-88.0,417.0
TITAN,Mar2015,503.0,-118.0,-1005.0,-620.0,385.0
TITAN,Mar2014,-555.0,-271.0,497.0,-329.0,-826.0
TITAN,Mar2013,553.0,-142.0,-236.0,176.0,411.0
TITAN,Mar2017,1712.0,-953.0,-166.0,594.0,759.0
TORNTPHARM,Mar2020,1393.0,229.0,-1549.0,73.0,1622.0
TORNTPHARM,Mar2024,3266.0,-160.0,-2780.0,327.0,3106.0
TORNTPHARM,Mar2023,2368.0,-2335.0,77.0,110.0,33.0
TORNTPHARM,Mar2022,1803.0,-196.0,-1781.0,-174.0,1607.0
TORNTPHARM,Mar2021,2005.0,-444.0,-1651.0,-89.0,1561.0
TORNTPHARM,Mar2019,1798.0,-246.0,-1314.0,238.0,1552.0
TORNTPHARM,Mar2015,810.0,-2113.0,1212.0,-90.0,-1303.0
TORNTPHARM,Mar2017,1009.0,-798.0,-193.0,18.0,211.0
TORNTPHARM,Mar2016,2742.0,-869.0,-1435.0,437.0,1873.0
TORNTPHARM,Mar2018,894.0,-4677.0,3417.0,-366.0,-3783.0
TORNTPHARM,Mar2014,599.0,-418.0,86.0,268.0,181.0
TORNTPHARM,Mar2013,153.0,-247.0,20.0,-73.0,-94.0
TRENT,Mar2023,595.0,-103.0,-491.0,1.0,492.0
TRENT,Mar2022,58.0,56.0,-108.0,6.0,114.0
TRENT,Mar2021,285.0,18.0,-283.0,20.0,303.0
TRENT,Mar2020,361.0,-809.0,452.0,5.0,-448.0
TRENT,Mar2019,21.0,-37.0,37.0,21.0,-16.0
TRENT,Mar2024,1349.0,-508.0,-629.0,211.0,841.0
TRENT,Mar2017,102.0,-44.0,-51.0,7.0,58.0
TRENT,Mar2016,109.0,-98.0,-13.0,-2.0,11.0
TRENT,Mar2015,-10.0,-306.0,310.0,-6.0,-316.0
TRENT,Mar2014,-46.0,-48.0,-50.0,-145.0,-94.0
TRENT,Mar2013,31.0,-276.0,147.0,-97.0,-245.0
TRENT,Mar2018,77.0,-4.0,-74.0,-1.0,73.0
TVSMOTOR,Mar2024,-1253.0,-1001.0,2759.0,505.0,-2254.0
TVSMOTOR,Mar2023,-4405.0,-1308.0,6118.0,406.0,-5713.0
TVSMOTOR,Mar2022,-1575.0,-1471.0,2918.0,532.0,-3046.0
TVSMOTOR,Mar2021,1151.0,-882.0,264.0,532.0,269.0
TVSMOTOR,Mar2020,373.0,-1090.0,1619.0,902.0,-717.0
TVSMOTOR,Mar2019,-918.0,-1104.0,2210.0,188.0,-2022.0
TVSMOTOR,Mar2018,354.0,-1095.0,897.0,156.0,-741.0
TVSMOTOR,Mar2016,936.0,-605.0,-319.0,12.0,331.0
TVSMOTOR,Mar2015,83.0,-415.0,261.0,-71.0,-332.0
TVSMOTOR,Mar2014,470.0,-235.0,-216.0,19.0,235.0
TVSMOTOR,Mar2013,464.0,-120.0,-402.0,-58.0,344.0
TVSMOTOR,Mar2017,689.0,-709.0,-59.0,-79.0,-20.0
ULTRACEMCO,Mar2020,8972.0,-4192.0,-5076.0,-295.0,4780.0
ULTRACEMCO,Mar2024,10898.0,-8789.0,-1926.0,183.0,2109.0
ULTRACEMCO,Mar2023,9069.0,-7188.0,-1631.0,250.0,1881.0
ULTRACEMCO,Mar2022,9283.0,2257.0,-12498.0,-958.0,11540.0
ULTRACEMCO,Mar2019,5956.0,1165.0,-6757.0,364.0,7121.0
ULTRACEMCO,Mar2021,12500.0,-8856.0,-4356.0,-712.0,3644.0
ULTRACEMCO,Mar2017,5005.0,-2501.0,-2535.0,-31.0,2504.0
ULTRACEMCO,Mar2016,4526.0,-3673.0,-844.0,8.0,853.0
ULTRACEMCO,Mar2018,3888.0,1866.0,-5735.0,18.0,5754.0
ULTRACEMCO,Mar2015,4190.0,-2144.0,-2110.0,-63.0,2046.0
ULTRACEMCO,Mar2014,3455.0,-2342.0,-949.0,164.0,1113.0
ULTRACEMCO,Mar2013,3618.0,-4362.0,715.0,-30.0,-744.0
UNIONBANK,Mar2023,6056.0,-2561.0,-10654.0,-7159.0,3495.0
UNIONBANK,Mar2022,36339.0,-558.0,-786.0,34995.0,35781.0
UNIONBANK,Mar2021,20527.0,-601.0,-18861.0,1066.0,19926.0
UNIONBANK,Mar2020,-77.0,-4.0,201.0,121.0,-81.0
UNIONBANK,Mar2019,-7778.0,-297.0,1758.0,-6317.0,-8075.0
UNIONBANK,Mar2024,19930.0,-1394.0,-11489.0,7047.0,18536.0
UNIONBANK,Mar2017,-6624.0,-280.0,10194.0,3289.0,-6904.0
UNIONBANK,Mar2016,81.0,-9.0,-2.0,70.0,72.0
UNIONBANK,Mar2015,-3567.0,-318.0,3168.0,-718.0,-3885.0
UNIONBANK,Mar2014,2570.0,-363.0,4902.0,7109.0,2207.0
UNIONBANK,Mar2013,-4245.0,-343.0,5096.0,507.0,-4588.0
UNIONBANK,Mar2018,6097.0,-315.0,10792.0,16574.0,5782.0
UNITDSPR,Mar2024,1118.0,226.0,-407.0,937.0,1344.0
UNITDSPR,Mar2023,615.0,-55.0,-500.0,60.0,560.0
UNITDSPR,Mar2022,977.0,-313.0,-688.0,-23.0,664.0
UNITDSPR,Mar2021,1818.0,-99.0,-1707.0,12.0,1719.0
UNITDSPR,Mar2020,783.0,-194.0,-740.0,-150.0,589.0
UNITDSPR,Mar2019,948.0,-66.0,-808.0,74.0,882.0
UNITDSPR,Mar2018,925.0,104.0,-966.0,63.0,1029.0
UNITDSPR,Mar2016,283.0,733.0,-1155.0,-139.0,1016.0
UNITDSPR,Mar2015,-196.0,3855.0,-4002.0,-343.0,3659.0
UNITDSPR,Mar2014,-552.0,-252.0,1235.0,431.0,-804.0
UNITDSPR,Mar2013,1969.0,-1121.0,-992.0,-145.0,848.0
UNITDSPR,Mar2017,647.0,-227.0,-475.0,-56.0,420.0
VBL,Dec2019,1308.0,-2320.0,1107.0,95.0,-1012.0
VBL,Dec2022,1790.0,-1769.0,-18.0,4.0,21.0
VBL,Dec2021,1231.0,-1008.0,-178.0,46.0,223.0
VBL,Dec2020,1012.0,-472.0,-574.0,-33.0,540.0
VBL,Dec2018,1000.0,-937.0,-84.0,-22.0,63.0
VBL,Dec2023,2391.0,-3288.0,985.0,88.0,-897.0
VBL,Dec2016,826.0,-1048.0,230.0,8.0,-222.0
VBL,Dec2012,280.0,-507.0,229.0,3.0,-227.0
VBL,Dec2013,297.0,-574.0,274.0,-2.0,-277.0
VBL,Dec2017,620.0,-746.0,159.0,32.0,-126.0
VBL,Dec2015,555.0,-300.0,-236.0,19.0,255.0
VBL,Dec2014,431.0,-500.0,58.0,-11.0,-69.0
VEDL,Mar2024,35654.0,-13676.0,-26092.0,-4114.0,21978.0
VEDL,Mar2023,33065.0,-668.0,-34142.0,-1745.0,32397.0
VEDL,Mar2022,34963.0,-2243.0,-28903.0,3817.0,32720.0
VEDL,Mar2021,23980.0,-6678.0,-17565.0,-263.0,17302.0
VEDL,Mar2019,23754.0,-10594.0,-10242.0,2918.0,13160.0
VEDL,Mar2020,19300.0,-5925.0,-15547.0,-2172.0,13375.0
VEDL,Mar2017,18083.0,2681.0,-12425.0,8339.0,20764.0
VEDL,Mar2016,20377.0,-7868.0,-11303.0,1206.0,12509.0
VEDL,Mar2015,17805.0,-4133.0,-13956.0,-284.0,13672.0
VEDL,Mar2014,15601.0,-2890.0,-5052.0,7659.0,12711.0
VEDL,Mar2013,22.0,-311.0,238.0,-51.0,-289.0
VEDL,Mar2018,17366.0,15480.0,-39255.0,-6409.0,32846.0
WIPRO,Mar2024,17622.0,1144.0,-18257.0,509.0,18766.0
WIPRO,Mar2023,13060.0,-8169.0,-6088.0,-1197.0,4891.0
WIPRO,Mar2022,11080.0,-22321.0,4659.0,-6583.0,-11241.0
WIPRO,Mar2021,14755.0,685.0,-12884.0,2556.0,15440.0
WIPRO,Mar2020,10064.0,3593.0,-15100.0,-1442.0,13657.0
WIPRO,Mar2019,11632.0,5065.0,-4937.0,11760.0,16697.0
WIPRO,Mar2018,8423.0,3595.0,-12998.0,-979.0,12018.0
WIPRO,Mar2016,7887.0,-13761.0,-159.0,-6032.0,-5874.0
WIPRO,Mar2015,7840.0,-2537.0,-830.0,4474.0,5303.0
WIPRO,Mar2014,6790.0,-284.0,-3570.0,2936.0,6506.0
WIPRO,Mar2013,6394.0,-4536.0,-1140.0,717.0,1858.0
WIPRO,Mar2017,9277.0,-11770.0,-2275.0,-4767.0,-2493.0
ZOMATO,Mar2020,-2144.0,1740.0,359.0,-45.0,-404.0
ZOMATO,Mar2021,-1018.0,-5245.0,6402.0,139.0,-6263.0
ZOMATO,Mar2022,-693.0,-7971.0,8750.0,86.0,-8664.0
ZOMATO,Mar2023,-844.0,797.0,-127.0,-174.0,-47.0
ZOMATO,Mar2024,646.0,-348.0,-207.0,91.0,298.0
ZYDUSLIFE,Mar2022,2104.0,-1018.0,-868.0,219.0,1086.0
ZYDUSLIFE,Mar2021,3294.0,-837.0,-2548.0,-90.0,2457.0
ZYDUSLIFE,Mar2020,2932.0,-1004.0,-1528.0,399.0,1928.0
ZYDUSLIFE,Mar2019,1282.0,-3977.0,1885.0,-811.0,-2695.0
ZYDUSLIFE,Mar2018,919.0,-974.0,52.0,-3.0,-55.0
ZYDUSLIFE,Mar2013,603.0,-682.0,286.0,207.0,-79.0
ZYDUSLIFE,Mar2016,1894.0,-860.0,-935.0,99.0,1034.0
ZYDUSLIFE,Mar2015,994.0,-465.0,-351.0,178.0,529.0
ZYDUSLIFE,Mar2014,903.0,-438.0,-529.0,-64.0,465.0
ZYDUSLIFE,Mar2023,2689.0,1542.0,-4400.0,-170.0,4231.0
ZYDUSLIFE,Mar2017,1312.0,-2872.0,2316.0,756.0,-1560.0
ZYDUSLIFE,Mar2024,3228.0,-1492.0,-1810.0,-75.0,1736.0
