symbol,year,compounded_profit_growth,compounded_sales_growth,roe,stock_price_cagr
HDFCBANK,Oct2025,0,0,0,13
HDFCBANK,Oct2016,22,21,17,15
HDFCBANK,Oct2023,26,30,17,8
HDFCBANK,Oct2021,23,22,17,8
HDFCBANK,Oct2025,0,0,17,0
HDFCBANK,ttm,27,47,0,0
INFY,Oct2025,0,0,0,27
INFY,Oct2016,9,12,27,15
INFY,Oct2023,10,5,31,4
INFY,Oct2021,11,13,29,22
INFY,Oct2025,0,0,32,0
INFY,ttm,8,3,0,0
SBILIFE,Oct2025,0,0,0,2
SBILIFE,Oct2016,9,23,16,9
SBILIFE,Oct2023,9,17,13,7
SBILIFE,Oct2021,6,24,14,8
SBILIFE,Oct2025,0,0,12,0
SBILIFE,ttm,18,43,0,0
TCS,Oct2025,0,0,0,16
TCS,Oct2016,9,11,40,14
TCS,Oct2023,12,14,47,8
TCS,Oct2021,8,10,44,16
TCS,Oct2025,0,0,52,0
TCS,ttm,8,5,0,0
WIPRO,Oct2025,0,0,0,39
WIPRO,Oct2016,3,8,18,12
WIPRO,Oct2023,0,13,17,1
WIPRO,Oct2021,4,9,17,20
WIPRO,Oct2025,0,0,14,0
WIPRO,ttm,1,3,0,0
