symbol,computed_time,overall_score,profitability_score,growth_score,leverage_score,cash_flow_score,dividend_score,trend_score,health_label
ABB,2026-10-03 21:26:51.927963,0.0,86.16,0.0,80.83,42.73,93.11,0.0,POOR
ABB,2026-10-03 21:26:51.927963,75.99,86.16,54.59,80.83,90.09,93.11,57.24,GOOD
ABB,2026-10-03 21:26:51.927963,65.76,82.46,33.1,75.94,87.63,93.11,31.22,GOOD
ABB,2026-10-03 21:26:51.927963,66.5,82.46,54.59,75.94,37.88,93.11,57.24,GOOD
ABB,2026-10-03 21:26:51.927963,60.8,78.89,35.93,74.64,52.84,93.11,36.38,AVERAGE
ABB,2026-10-03 21:26:51.927963,73.35,78.89,54.59,74.64,90.76,93.11,57.24,GOOD
ABB,2026-10-03 21:26:51.927963,59.07,77.01,33.21,73.18,45.78,95.99,38.19,AVERAGE
ABB,2026-10-03 21:26:51.927963,73.06,77.01,54.59,73.18,91.51,95.99,57.24,GOOD
ABB,2026-10-03 21:26:51.927963,66.26,72.24,38.87,71.35,96.15,96.83,37.47,GOOD
ABB,2026-10-03 21:26:51.927963,64.89,72.24,54.59,71.35,46.28,96.83,57.24,AVERAGE
ABB,2026-10-03 21:26:51.927963,61.03,65.89,30.41,93.82,92.22,62.57,28.73,AVERAGE
ABB,2026-10-03 21:26:51.927963,63.63,65.89,54.59,93.82,48.83,62.57,57.24,AVERAGE
ABB,2026-10-03 21:26:51.927963,63.7,66.95,36.11,93.82,91.51,57.81,41.09,AVERAGE
ABB,2026-10-03 21:26:51.927963,59.34,66.95,54.59,93.82,21.66,57.81,57.24,AVERAGE
ABB,2026-10-03 21:26:51.927963,58.15,58.38,26.52,93.82,95.23,62.57,24.25,AVERAGE
ABB,2026-10-03 21:26:51.927963,61.75,58.38,54.59,93.82,48.83,62.57,57.24,AVERAGE
ABB,2026-10-03 21:26:51.927963,48.4,62.75,25.66,93.82,17.06,57.81,34.48,WEAK
ABB,2026-10-03 21:26:51.927963,60.73,62.75,54.59,93.82,37.88,57.81,57.24,AVERAGE
ABB,2026-10-03 21:26:51.927963,51.28,60.99,41.95,93.82,18.19,51.25,38.1,AVERAGE
ABB,2026-10-03 21:26:51.927963,58.44,60.99,54.59,93.82,29.93,51.25,57.24,AVERAGE
ABB,2026-10-03 21:26:51.927963,45.92,59.32,18.87,93.82,27.8,51.25,26.33,WEAK
ABB,2026-10-03 21:26:51.927963,80.16,61.04,89.77,93.82,92.47,57.81,88.14,EXCELLENT
ABB,2026-10-03 21:26:51.927963,60.72,61.04,54.59,93.82,40.68,57.81,57.24,AVERAGE
ADANIENSOL,2026-10-03 21:26:51.927963,0.0,4.85,0.0,7.1,89.97,7.69,0.0,POOR
ADANIENSOL,2026-10-03 21:26:51.927963,34.95,28.47,50.0,23.43,90.26,7.69,0.09,POOR
ADANIENSOL,2026-10-03 21:26:51.927963,44.22,35.28,42.26,23.56,84.36,7.69,66.61,WEAK
ADANIENSOL,2026-10-03 21:26:51.927963,41.31,39.17,35.84,22.97,85.62,7.69,48.6,WEAK
ADANIENSOL,2026-10-03 21:26:51.927963,47.25,45.59,46.79,22.81,84.2,7.69,64.52,WEAK
ADANIENSOL,2026-10-03 21:26:51.927963,36.84,25.04,46.11,23.73,95.07,7.69,18.46,WEAK
ADANIENSOL,2026-10-03 21:26:51.927963,0.0,0.0,3.17,93.82,0.0,7.69,6.24,POOR
ADANIENSOL,2026-10-03 21:26:51.927963,69.4,73.58,100.0,29.2,72.37,7.69,100.0,GOOD
ADANIENSOL,2026-10-03 21:26:51.927963,34.44,49.87,11.72,22.72,91.05,7.69,11.95,POOR
ADANIENSOL,2026-10-03 21:26:51.927963,42.38,53.8,27.56,22.35,88.21,7.69,40.45,WEAK
ADANIENSOL,2026-10-03 21:26:51.927963,55.72,27.63,91.31,25.02,89.34,7.69,84.16,AVERAGE
ADANIENT,2026-10-03 21:26:51.927963,0.0,21.22,0.0,29.78,84.87,16.92,0.0,POOR
ADANIENT,2026-10-03 21:26:51.927963,39.82,15.89,56.33,31.08,94.82,17.92,26.06,WEAK
ADANIENT,2026-10-03 21:26:51.927963,23.39,10.39,8.37,28.11,69.11,29.45,10.59,POOR
ADANIENT,2026-10-03 21:26:51.927963,47.15,19.04,43.03,40.94,87.54,26.48,79.1,WEAK
ADANIENT,2026-10-03 21:26:51.927963,35.7,12.58,38.14,44.65,93.23,17.92,16.38,WEAK
ADANIENT,2026-10-03 21:26:51.927963,54.94,19.23,78.24,45.53,78.18,22.72,91.04,AVERAGE
ADANIENT,2026-10-03 21:26:51.927963,39.03,20.92,31.95,33.88,90.47,16.21,47.6,WEAK
ADANIENT,2026-10-03 21:26:51.927963,55.94,19.61,93.67,22.06,87.46,19.84,92.58,AVERAGE
ADANIENT,2026-10-03 21:26:51.927963,44.61,24.81,47.92,22.89,85.03,18.88,71.67,WEAK
ADANIENT,2026-10-03 21:26:51.927963,29.29,13.88,19.41,22.18,92.93,22.72,16.02,POOR
ADANIENT,2026-10-03 21:26:51.927963,29.73,12.25,16.11,37.8,89.84,17.92,16.74,POOR
ADANIENT,2026-10-03 21:26:51.927963,43.18,18.14,71.9,33.38,32.9,16.21,84.71,WEAK
ADANIGREEN,2026-10-03 21:26:51.927963,0.0,38.9,0.0,13.78,92.64,7.69,0.0,POOR
ADANIGREEN,2026-10-03 21:26:51.927963,8.61,3.39,3.12,21.39,15.01,7.69,6.06,POOR
ADANIGREEN,2026-10-03 21:26:51.927963,37.64,3.39,96.61,11.11,5.02,7.69,95.2,WEAK
ADANIGREEN,2026-10-03 21:26:51.927963,37.72,1.76,92.67,15.79,8.11,7.69,95.93,WEAK
ADANIGREEN,2026-10-03 21:26:51.927963,14.38,5.25,44.71,14.7,0.25,7.69,7.42,POOR
ADANIGREEN,2026-10-03 21:26:51.927963,29.06,18.9,41.36,4.09,95.82,7.69,2.08,POOR
ADANIGREEN,2026-10-03 21:26:51.927963,54.53,27.72,93.3,0.25,93.14,7.69,94.39,AVERAGE
ADANIGREEN,2026-10-03 21:26:51.927963,57.59,37.04,90.68,10.86,94.9,7.69,90.41,AVERAGE
ADANIPORTS,2026-10-03 21:26:51.927963,0.0,77.97,0.0,28.36,32.9,26.48,0.0,POOR
ADANIPORTS,2026-10-03 21:26:51.927963,55.83,75.96,76.79,33.17,26.67,26.48,65.7,AVERAGE
ADANIPORTS,2026-10-03 21:26:51.927963,62.93,76.55,81.9,30.37,57.78,22.72,79.46,AVERAGE
ADANIPORTS,2026-10-03 21:26:51.927963,56.8,77.07,74.57,30.37,32.32,19.84,74.84,AVERAGE
ADANIPORTS,2026-10-03 21:26:51.927963,61.97,79.97,79.19,35.88,45.07,18.88,80.72,AVERAGE
ADANIPORTS,2026-10-03 21:26:51.927963,57.42,76.51,66.83,39.43,63.96,24.64,46.38,AVERAGE
ADANIPORTS,2026-10-03 21:26:51.927963,57.12,76.28,55.66,38.64,62.88,13.7,68.82,AVERAGE
ADANIPORTS,2026-10-03 21:26:51.927963,56.43,73.31,56.15,37.09,73.16,35.3,45.38,AVERAGE
ADANIPORTS,2026-10-03 21:26:51.927963,64.53,75.94,71.54,37.47,63.25,42.44,79.23,AVERAGE
ADANIPORTS,2026-10-03 21:26:51.927963,60.5,69.59,69.43,38.43,75.08,46.45,50.32,AVERAGE
ADANIPORTS,2026-10-03 21:26:51.927963,63.15,66.93,74.21,37.47,76.55,42.44,68.19,AVERAGE
ADANIPORTS,2026-10-03 21:26:51.927963,68.28,74.56,84.25,41.35,71.07,33.63,83.76,GOOD
ADANIPORTS,2026-10-03 21:26:51.927963,32.89,75.96,4.71,33.17,26.67,26.48,8.87,POOR
ADANIPORTS,2026-10-03 21:26:51.927963,44.04,77.97,29.03,28.36,32.9,26.48,46.02,WEAK
ADANIPORTS,2026-10-03 21:26:51.927963,64.41,76.55,87.47,30.37,57.78,22.72,81.9,AVERAGE
ADANIPORTS,2026-10-03 21:26:51.927963,64.67,79.97,87.96,35.88,45.07,18.88,87.06,AVERAGE
ADANIPORTS,2026-10-03 21:26:51.927963,57.42,76.51,66.83,39.43,63.96,24.64,46.38,AVERAGE
ADANIPORTS,2026-10-03 21:26:51.927963,57.12,76.28,55.66,38.64,62.88,13.7,68.82,AVERAGE
ADANIPORTS,2026-10-03 21:26:51.927963,56.43,73.31,56.15,37.09,73.16,35.3,45.38,AVERAGE
ADANIPORTS,2026-10-03 21:26:51.927963,64.53,75.94,71.54,37.47,63.25,42.44,79.23,AVERAGE
ADANIPORTS,2026-10-03 21:26:51.927963,60.5,69.59,69.43,38.43,75.08,46.45,50.32,AVERAGE
ADANIPORTS,2026-10-03 21:26:51.927963,63.15,66.93,74.21,37.47,76.55,42.44,68.19,AVERAGE
ADANIPORTS,2026-10-03 21:26:51.927963,68.28,74.56,84.25,41.35,71.07,33.63,83.76,GOOD
ADANIPORTS,2026-10-03 21:26:51.927963,33.68,77.07,6.43,30.37,32.32,19.84,11.58,POOR
ADANIPOWER,2026-10-03 21:26:51.927963,0.0,81.02,0.0,34.13,30.35,7.69,0.0,POOR
ADANIPOWER,2026-10-03 21:26:51.927963,4.78,2.47,5.34,0.17,10.2,7.69,5.16,POOR
ADANIPOWER,2026-10-03 21:26:51.927963,40.89,63.48,45.48,23.98,74.87,7.69,2.17,WEAK
ADANIPOWER,2026-10-03 21:26:51.927963,5.91,1.05,11.18,0.58,14.21,7.69,2.81,POOR
ADANIPOWER,2026-10-03 21:26:51.927963,14.8,2.68,43.94,8.27,10.12,7.69,12.13,POOR
ADANIPOWER,2026-10-03 21:26:51.927963,25.31,11.66,23.19,11.99,96.57,7.69,4.71,POOR
ADANIPOWER,2026-10-03 21:26:51.927963,5.57,3.97,7.19,10.07,3.09,7.69,2.62,POOR
ADANIPOWER,2026-10-03 21:26:51.927963,9.25,5.16,15.97,12.87,1.92,7.69,11.86,POOR
ADANIPOWER,2026-10-03 21:26:51.927963,32.43,21.3,47.19,19.59,91.64,7.69,1.45,POOR
ADANIPOWER,2026-10-03 21:26:51.927963,69.39,94.19,97.29,43.86,27.3,7.69,99.64,GOOD
ADANIPOWER,2026-10-03 21:26:51.927963,5.18,1.21,2.85,5.6,12.54,7.69,5.43,POOR
ADANIPOWER,2026-10-03 21:26:51.927963,18.16,3.97,56.7,15.04,3.93,7.69,14.75,POOR
AMBUJACEM,2026-10-03 21:26:51.927963,0.0,43.83,0.0,93.82,72.66,86.34,0.0,POOR
AMBUJACEM,2026-10-03 21:26:51.927963,74.93,66.2,76.38,93.82,50.17,81.24,89.23,GOOD
AMBUJACEM,2026-10-03 21:26:51.927963,59.47,62.17,41.49,85.09,61.58,78.24,38.73,AVERAGE
AMBUJACEM,2026-10-03 21:26:51.927963,59.21,62.83,44.77,85.09,41.26,79.53,50.95,AVERAGE
AMBUJACEM,2026-10-03 21:26:51.927963,71.67,59.74,97.74,80.83,52.84,26.48,96.56,GOOD
AMBUJACEM,2026-10-03 21:26:51.927963,54.4,58.21,29.32,80.83,61.2,80.62,30.77,AVERAGE
AMBUJACEM,2026-10-03 21:26:51.927963,57.52,57.4,29.5,80.83,65.3,99.46,36.02,AVERAGE
AMBUJACEM,2026-10-03 21:26:51.927963,57.16,50.54,55.45,93.82,67.89,29.45,41.58,AVERAGE
AMBUJACEM,2026-10-03 21:26:51.927963,55.13,54.43,54.19,93.82,24.67,29.45,66.43,AVERAGE
AMBUJACEM,2026-10-03 21:26:51.927963,52.24,42.45,28.05,93.82,69.11,82.12,22.44,AVERAGE
AMBUJACEM,2026-10-03 21:26:51.927963,51.84,36.89,25.48,93.82,73.16,84.17,27.06,AVERAGE
AMBUJACEM,2026-10-03 21:26:51.927963,62.0,42.06,93.21,80.83,20.15,39.89,91.4,AVERAGE
APOLLOHOSP,2026-10-03 21:26:51.927963,0.0,35.91,0.0,44.49,74.41,53.05,0.0,POOR
APOLLOHOSP,2026-10-03 21:26:51.927963,44.77,36.75,35.02,46.07,66.56,53.05,42.53,WEAK
APOLLOHOSP,2026-10-03 21:26:51.927963,33.82,9.22,6.06,39.81,95.99,88.89,6.97,POOR
APOLLOHOSP,2026-10-03 21:26:51.927963,61.32,12.77,88.69,41.94,96.32,57.81,92.49,AVERAGE
APOLLOHOSP,2026-10-03 21:26:51.927963,59.87,28.8,80.18,39.18,84.49,37.3,95.66,AVERAGE
APOLLOHOSP,2026-10-03 21:26:51.927963,37.2,18.58,20.48,38.97,88.63,69.01,16.11,WEAK
APOLLOHOSP,2026-10-03 21:26:51.927963,37.59,15.07,18.01,41.35,89.55,71.97,22.62,WEAK
APOLLOHOSP,2026-10-03 21:26:51.927963,56.67,26.69,56.02,42.65,81.1,69.01,88.87,AVERAGE
APOLLOHOSP,2026-10-03 21:26:51.927963,52.16,41.12,45.38,52.3,52.34,51.25,79.91,AVERAGE
APOLLOHOSP,2026-10-03 21:26:51.927963,47.98,44.25,36.97,52.67,62.12,51.25,47.87,WEAK
APOLLOHOSP,2026-10-03 21:26:51.927963,65.53,46.61,97.78,45.74,64.3,33.63,96.38,GOOD
APOLLOHOSP,2026-10-03 21:26:51.927963,33.44,37.65,6.56,47.74,60.49,49.37,10.32,POOR
ASIANPAINT,2026-10-03 21:26:51.927963,0.0,65.45,0.0,71.35,43.44,74.14,0.0,POOR
ASIANPAINT,2026-10-03 21:26:51.927963,60.5,65.45,54.59,71.35,43.44,74.14,57.24,AVERAGE
ASIANPAINT,2026-10-03 21:26:51.927963,66.17,62.19,71.7,73.18,48.83,77.03,68.51,GOOD
ASIANPAINT,2026-10-03 21:26:51.927963,61.06,62.19,54.59,73.18,48.83,77.03,57.24,AVERAGE
ASIANPAINT,2026-10-03 21:26:51.927963,72.39,68.9,78.91,74.64,55.06,75.61,82.44,GOOD
ASIANPAINT,2026-10-03 21:26:51.927963,63.74,68.9,54.59,74.64,55.06,75.61,57.24,AVERAGE
ASIANPAINT,2026-10-03 21:26:51.927963,50.42,63.04,35.97,68.13,32.32,77.03,31.31,AVERAGE
ASIANPAINT,2026-10-03 21:26:51.927963,58.03,63.04,54.59,68.13,32.32,77.03,57.24,AVERAGE
ASIANPAINT,2026-10-03 21:26:51.927963,68.36,69.4,75.68,71.35,29.47,84.8,81.81,GOOD
ASIANPAINT,2026-10-03 21:26:51.927963,60.46,69.4,54.59,71.35,29.47,84.8,57.24,AVERAGE
ASIANPAINT,2026-10-03 21:26:51.927963,64.74,66.43,67.65,73.18,42.73,75.61,64.34,AVERAGE
ASIANPAINT,2026-10-03 21:26:51.927963,61.06,66.43,54.59,73.18,42.73,75.61,57.24,AVERAGE
ASIANPAINT,2026-10-03 21:26:51.927963,64.13,62.71,69.21,61.4,49.54,82.12,65.02,AVERAGE
ASIANPAINT,2026-10-03 21:26:51.927963,60.03,62.71,54.59,61.4,49.54,82.12,57.24,AVERAGE
ASIANPAINT,2026-10-03 21:26:51.927963,67.88,71.2,69.43,64.87,48.12,78.24,76.11,GOOD
ASIANPAINT,2026-10-03 21:26:51.927963,62.08,71.2,54.59,64.87,48.12,78.24,57.24,AVERAGE
ASIANPAINT,2026-10-03 21:26:51.927963,69.08,71.74,68.69,68.13,51.25,86.97,72.04,GOOD
ASIANPAINT,2026-10-03 21:26:51.927963,64.04,71.74,54.59,68.13,51.25,86.97,57.24,AVERAGE
ASIANPAINT,2026-10-03 21:26:51.927963,57.88,61.08,67.47,64.87,21.24,90.02,47.96,AVERAGE
ASIANPAINT,2026-10-03 21:26:51.927963,56.69,61.08,54.59,64.87,21.24,90.02,57.24,AVERAGE
ASIANPAINT,2026-10-03 21:26:51.927963,69.33,66.76,78.98,63.49,41.97,89.47,80.5,GOOD
ASIANPAINT,2026-10-03 21:26:51.927963,60.96,66.76,54.59,63.49,41.97,89.47,57.24,AVERAGE
ASIANPAINT,2026-10-03 21:26:51.927963,70.51,77.17,69.82,62.36,48.12,88.35,79.0,GOOD
ASIANPAINT,2026-10-03 21:26:51.927963,64.2,77.17,54.59,62.36,48.12,88.35,57.24,AVERAGE
AXISBANK,2026-10-03 21:26:51.927963,0.0,50.19,0.0,7.77,77.84,31.5,0.0,POOR
AXISBANK,2026-10-03 21:26:51.927963,52.58,53.03,97.87,8.9,16.6,13.7,97.01,AVERAGE
AXISBANK,2026-10-03 21:26:51.927963,26.74,30.79,14.21,7.44,77.38,15.87,12.58,POOR
AXISBANK,2026-10-03 21:26:51.927963,47.52,46.84,48.67,7.85,75.71,14.95,80.32,WEAK
AXISBANK,2026-10-03 21:26:51.927963,28.39,28.87,28.01,9.02,72.37,7.69,17.29,POOR
AXISBANK,2026-10-03 21:26:51.927963,25.93,10.08,27.22,6.6,98.91,7.69,9.14,POOR
AXISBANK,2026-10-03 21:26:51.927963,49.48,24.04,61.72,5.1,95.32,17.92,95.11,WEAK
AXISBANK,2026-10-03 21:26:51.927963,7.16,6.65,13.98,6.18,0.08,7.69,6.61,POOR
AXISBANK,2026-10-03 21:26:51.927963,57.04,23.6,71.29,6.52,95.74,66.42,99.37,AVERAGE
AXISBANK,2026-10-03 21:26:51.927963,43.98,49.52,63.94,7.6,5.94,29.45,92.22,WEAK
AXISBANK,2026-10-03 21:26:51.927963,31.4,50.54,33.76,6.93,10.87,31.5,41.27,POOR
AXISBANK,2026-10-03 21:26:51.927963,27.8,48.49,19.91,7.23,23.45,33.63,24.89,POOR
BAJAJ-AUTO,2026-10-03 21:26:51.927963,0.0,76.82,0.0,85.09,44.19,75.61,0.0,POOR
BAJAJ-AUTO,2026-10-03 21:26:51.927963,65.66,76.82,54.59,85.09,44.19,75.61,57.24,GOOD
BAJAJ-AUTO,2026-10-03 21:26:51.927963,77.29,77.38,86.43,93.82,33.95,90.89,82.71,GOOD
BAJAJ-AUTO,2026-10-03 21:26:51.927963,67.1,77.38,54.59,93.82,33.95,90.89,57.24,GOOD
BAJAJ-AUTO,2026-10-03 21:26:51.927963,49.84,80.52,11.97,85.09,28.22,77.03,17.47,WEAK
BAJAJ-AUTO,2026-10-03 21:26:51.927963,64.33,80.52,54.59,85.09,28.22,77.03,57.24,AVERAGE
BAJAJ-AUTO,2026-10-03 21:26:51.927963,70.41,81.69,62.74,85.09,45.07,78.24,67.29,GOOD
BAJAJ-AUTO,2026-10-03 21:26:51.927963,67.27,81.69,54.59,85.09,45.07,78.24,57.24,GOOD
BAJAJ-AUTO,2026-10-03 21:26:51.927963,74.47,81.1,94.3,71.35,33.28,57.81,92.4,GOOD
BAJAJ-AUTO,2026-10-03 21:26:51.927963,61.25,81.1,54.59,71.35,33.28,57.81,57.24,AVERAGE
BAJAJ-AUTO,2026-10-03 21:26:51.927963,51.34,83.76,11.58,85.09,35.7,72.81,17.92,AVERAGE
BAJAJ-AUTO,2026-10-03 21:26:51.927963,65.84,83.76,54.59,85.09,35.7,72.81,57.24,GOOD
BAJAJ-AUTO,2026-10-03 21:26:51.927963,54.84,74.21,34.48,85.09,27.8,82.92,27.78,AVERAGE
BAJAJ-AUTO,2026-10-03 21:26:51.927963,63.28,74.21,54.59,85.09,27.8,82.92,57.24,AVERAGE
BAJAJ-AUTO,2026-10-03 21:26:51.927963,72.76,76.25,87.96,85.09,23.45,69.01,86.15,GOOD
BAJAJ-AUTO,2026-10-03 21:26:51.927963,61.75,76.25,54.59,85.09,23.45,69.01,57.24,AVERAGE
BAJAJ-AUTO,2026-10-03 21:26:51.927963,67.4,81.44,54.98,85.09,28.8,91.6,65.34,GOOD
BAJAJ-AUTO,2026-10-03 21:26:51.927963,66.11,81.44,54.59,85.09,28.8,91.6,57.24,GOOD
BAJAJ-AUTO,2026-10-03 21:26:51.927963,61.34,75.54,40.84,93.82,26.21,95.32,44.98,AVERAGE
BAJAJ-AUTO,2026-10-03 21:26:51.927963,65.93,75.54,54.59,93.82,26.21,95.32,57.24,GOOD
BAJAJ-AUTO,2026-10-03 21:26:51.927963,74.37,80.18,77.56,93.82,27.3,91.19,76.83,GOOD
BAJAJ-AUTO,2026-10-03 21:26:51.927963,66.84,80.18,54.59,93.82,27.3,91.19,57.24,GOOD
BAJAJ-AUTO,2026-10-03 21:26:51.927963,51.87,82.02,16.11,85.09,30.98,72.81,22.99,AVERAGE
BAJAJ-AUTO,2026-10-03 21:26:51.927963,64.7,82.02,54.59,85.09,30.98,72.81,57.24,AVERAGE
BAJAJFINSV,2026-10-03 21:26:51.927963,0.0,41.93,0.0,21.55,25.46,13.7,0.0,POOR
BAJAJFINSV,2026-10-03 21:26:51.927963,49.28,47.58,92.76,18.3,5.77,14.95,91.49,WEAK
BAJAJFINSV,2026-10-03 21:26:51.927963,26.88,49.71,21.49,18.55,8.53,14.95,30.68,POOR
BAJAJFINSV,2026-10-03 21:26:51.927963,23.65,41.05,22.69,19.8,6.27,13.7,23.8,POOR
BAJAJFINSV,2026-10-03 21:26:51.927963,23.2,38.4,21.63,19.26,6.81,14.95,25.79,POOR
BAJAJFINSV,2026-10-03 21:26:51.927963,23.82,56.94,6.92,26.07,5.64,14.95,13.03,POOR
BAJAJFINSV,2026-10-03 21:26:51.927963,47.99,43.08,92.81,22.35,5.1,13.7,87.78,WEAK
BAJAJFINSV,2026-10-03 21:26:51.927963,43.66,42.68,81.95,19.09,4.6,13.7,77.83,WEAK
BAJAJFINSV,2026-10-03 21:26:51.927963,26.76,64.05,7.15,29.78,8.78,14.95,13.57,POOR
BAJAJFINSV,2026-10-03 21:26:51.927963,46.11,44.94,86.56,24.14,7.9,13.7,75.93,WEAK
BAJAJFINSV,2026-10-03 21:26:51.927963,44.38,46.22,76.83,23.14,8.61,13.7,75.48,WEAK
BAJAJFINSV,2026-10-03 21:26:51.927963,28.04,64.8,11.33,26.86,5.43,14.95,21.58,POOR
BAJAJHLDNG,2026-10-03 21:26:51.927963,0.0,83.7,0.0,93.82,20.61,42.44,0.0,POOR
BAJAJHLDNG,2026-10-03 21:26:51.927963,49.22,81.23,12.76,93.82,21.45,55.81,23.26,WEAK
BAJAJHLDNG,2026-10-03 21:26:51.927963,56.06,78.72,36.09,93.82,21.86,64.87,35.48,AVERAGE
BAJAJHLDNG,2026-10-03 21:26:51.927963,50.19,81.19,29.89,85.09,25.46,31.5,27.87,AVERAGE
BAJAJHLDNG,2026-10-03 21:26:51.927963,63.98,79.22,68.17,93.82,18.73,26.48,73.39,AVERAGE
BAJAJHLDNG,2026-10-03 21:26:51.927963,52.12,82.57,30.86,93.82,25.17,35.3,26.15,AVERAGE
BAJAJHLDNG,2026-10-03 21:26:51.927963,62.11,86.96,70.14,93.82,15.93,31.5,44.89,AVERAGE
BAJAJHLDNG,2026-10-03 21:26:51.927963,54.62,87.92,25.29,93.82,23.83,33.63,43.8,AVERAGE
BAJAJHLDNG,2026-10-03 21:26:51.927963,60.77,87.75,56.15,93.82,21.86,39.89,41.72,AVERAGE
BAJAJHLDNG,2026-10-03 21:26:51.927963,57.55,89.05,34.21,93.82,22.24,35.3,50.05,AVERAGE
BAJAJHLDNG,2026-10-03 21:26:51.927963,56.04,90.72,31.49,93.82,20.32,31.5,45.25,AVERAGE
BAJAJHLDNG,2026-10-03 21:26:51.927963,70.67,83.86,85.38,93.82,19.82,26.48,86.24,GOOD
BAJFINANCE,2026-10-03 21:26:51.927963,0.0,64.88,0.0,20.38,4.68,31.5,0.0,POOR
BAJFINANCE,2026-10-03 21:26:51.927963,33.34,66.26,22.49,20.01,7.53,33.63,31.86,POOR
BAJFINANCE,2026-10-03 21:26:51.927963,29.02,60.49,17.78,20.51,4.18,35.3,20.72,POOR
BAJFINANCE,2026-10-03 21:26:51.927963,29.78,57.71,24.82,19.47,5.31,24.64,28.05,POOR
BAJFINANCE,2026-10-03 21:26:51.927963,28.3,59.8,19.66,17.04,3.01,20.97,28.73,POOR
BAJFINANCE,2026-10-03 21:26:51.927963,20.44,51.71,5.43,16.12,2.59,22.72,8.96,POOR
BAJFINANCE,2026-10-03 21:26:51.927963,47.92,52.91,85.2,17.42,2.76,22.72,82.35,WEAK
BAJFINANCE,2026-10-03 21:26:51.927963,55.24,50.5,97.51,21.64,16.81,29.45,96.02,AVERAGE
BAJFINANCE,2026-10-03 21:26:51.927963,24.61,56.0,11.99,19.09,2.51,20.97,19.19,POOR
BAJFINANCE,2026-10-03 21:26:51.927963,27.57,54.54,21.4,17.13,4.01,24.64,26.79,POOR
BANKBARODA,2026-10-03 21:26:51.927963,0.0,3.22,0.0,2.67,73.7,7.69,0.0,POOR
BANKBARODA,2026-10-03 21:26:51.927963,26.8,13.65,23.67,2.17,96.66,31.5,4.52,POOR
BANKBARODA,2026-10-03 21:26:51.927963,24.3,5.1,32.13,2.76,99.67,7.69,3.08,POOR
BANKBARODA,2026-10-03 21:26:51.927963,30.24,33.7,15.2,1.09,95.48,39.89,1.99,POOR
BANKBARODA,2026-10-03 21:26:51.927963,29.52,7.63,51.67,2.84,99.0,7.69,8.24,POOR
BANKBARODA,2026-10-03 21:26:51.927963,31.46,9.34,62.94,3.01,15.3,7.69,86.79,POOR
BANKBARODA,2026-10-03 21:26:51.927963,45.22,29.22,71.45,3.09,29.93,39.89,97.92,WEAK
BANKBARODA,2026-10-03 21:26:51.927963,47.79,41.95,87.56,3.26,12.33,39.89,89.77,WEAK
BANKBARODA,2026-10-03 21:26:51.927963,29.68,36.08,6.83,1.92,89.63,39.89,10.5,POOR
BANKBARODA,2026-10-03 21:26:51.927963,39.89,24.77,57.38,1.5,88.55,37.3,33.21,WEAK
BANKBARODA,2026-10-03 21:26:51.927963,15.72,9.45,43.35,2.92,13.04,7.69,10.14,POOR
BANKBARODA,2026-10-03 21:26:51.927963,52.62,42.93,97.92,3.34,16.1,44.57,99.55,AVERAGE
BEL,2026-10-03 21:26:51.927963,0.0,88.21,0.0,26.98,67.6,62.57,0.0,POOR
BEL,2026-10-03 21:26:51.927963,37.8,81.67,24.07,19.8,11.79,42.44,23.89,WEAK
BEL,2026-10-03 21:26:51.927963,52.76,81.98,63.08,23.06,15.01,42.44,64.62,AVERAGE
BEL,2026-10-03 21:26:51.927963,62.83,86.66,71.74,20.8,53.47,42.44,76.24,AVERAGE
BEL,2026-10-03 21:26:51.927963,62.63,87.31,78.69,27.82,18.06,66.42,76.92,AVERAGE
BEL,2026-10-03 21:26:51.927963,53.09,79.52,62.26,31.91,15.47,67.71,45.88,AVERAGE
BEL,2026-10-03 21:26:51.927963,66.78,83.4,77.15,40.69,30.98,79.53,78.64,GOOD
BEL,2026-10-03 21:26:51.927963,61.63,80.31,56.97,43.86,60.74,71.35,48.87,AVERAGE
BEL,2026-10-03 21:26:51.927963,71.66,82.13,69.34,43.32,79.35,81.24,71.58,GOOD
BEL,2026-10-03 21:26:51.927963,69.38,86.48,82.81,50.63,22.07,79.53,82.26,GOOD
BEL,2026-10-03 21:26:51.927963,72.41,89.51,76.33,51.0,51.96,74.14,79.37,GOOD
BEL,2026-10-03 21:26:51.927963,52.26,83.53,17.17,42.98,68.77,81.24,20.41,AVERAGE
BHARTIARTL,2026-10-03 21:26:51.927963,0.0,2.05,0.0,23.89,6.81,7.69,0.0,POOR
BHARTIARTL,2026-10-03 21:26:51.927963,34.86,10.89,11.76,28.95,97.58,100.0,5.34,POOR
BHARTIARTL,2026-10-03 21:26:51.927963,13.67,1.0,33.57,27.9,15.22,1.67,0.45,POOR
BHARTIARTL,2026-10-03 21:26:51.927963,38.05,13.21,22.62,31.24,97.91,99.67,5.88,WEAK
BHARTIARTL,2026-10-03 21:26:51.927963,56.59,21.86,82.13,31.37,93.48,24.64,90.05,AVERAGE
BHARTIARTL,2026-10-03 21:26:51.927963,55.65,28.03,65.97,26.73,91.72,66.42,73.57,AVERAGE
BHARTIARTL,2026-10-03 21:26:51.927963,61.92,29.16,83.21,24.81,93.39,72.81,86.52,AVERAGE
BHARTIARTL,2026-10-03 21:26:51.927963,39.21,32.71,27.9,32.83,87.96,20.97,34.93,WEAK
BHARTIARTL,2026-10-03 21:26:51.927963,61.41,25.19,83.3,24.48,96.24,90.39,75.38,AVERAGE
BHARTIARTL,2026-10-03 21:26:51.927963,33.38,18.81,9.41,35.88,95.65,53.05,11.76,POOR
BHARTIARTL,2026-10-03 21:26:51.927963,65.11,35.79,94.66,23.64,91.14,54.39,97.19,GOOD
BHARTIARTL,2026-10-03 21:26:51.927963,30.01,15.99,7.33,35.3,96.82,35.3,7.96,POOR
BHEL,2026-10-03 21:26:51.927963,0.0,11.81,0.0,59.06,62.54,62.57,0.0,POOR
BHEL,2026-10-03 21:26:51.927963,46.47,14.53,76.11,57.73,13.38,44.57,83.26,WEAK
BHEL,2026-10-03 21:26:51.927963,26.51,8.63,37.53,53.97,1.67,62.57,14.98,POOR
BHEL,2026-10-03 21:26:51.927963,24.92,3.3,16.43,59.06,73.37,7.69,1.18,POOR
BHEL,2026-10-03 21:26:51.927963,34.9,17.24,46.74,69.72,6.94,92.02,3.62,POOR
BHEL,2026-10-03 21:26:51.927963,66.69,61.45,95.11,68.13,20.61,42.44,98.37,GOOD
BHEL,2026-10-03 21:26:51.927963,38.85,42.18,18.24,61.4,56.98,42.44,17.74,WEAK
BHEL,2026-10-03 21:26:51.927963,29.97,23.54,15.48,73.18,24.67,42.44,13.76,POOR
BHEL,2026-10-03 21:26:51.927963,19.3,4.43,11.72,85.09,15.38,1.5,4.16,POOR
BHEL,2026-10-03 21:26:51.927963,42.57,10.81,37.29,93.82,54.56,95.99,3.71,WEAK
BHEL,2026-10-03 21:26:51.927963,56.08,10.35,53.48,93.82,76.92,99.46,48.24,AVERAGE
BHEL,2026-10-03 21:26:51.927963,13.56,1.84,4.39,58.56,16.72,7.69,1.09,POOR
BOSCHLTD,2026-10-03 21:26:51.927963,0.0,70.78,0.0,93.82,23.45,79.53,0.0,POOR
BOSCHLTD,2026-10-03 21:26:51.927963,49.75,51.71,25.16,93.82,33.28,97.83,19.64,WEAK
BOSCHLTD,2026-10-03 21:26:51.927963,48.35,52.4,27.1,85.09,19.94,84.8,37.29,WEAK
BOSCHLTD,2026-10-03 21:26:51.927963,44.9,29.68,16.65,85.09,68.27,92.23,12.85,WEAK
BOSCHLTD,2026-10-03 21:26:51.927963,67.34,36.81,69.41,85.09,74.67,82.92,80.0,GOOD
BOSCHLTD,2026-10-03 21:26:51.927963,68.96,64.82,87.19,93.82,21.57,39.89,93.48,GOOD
BOSCHLTD,2026-10-03 21:26:51.927963,53.17,61.12,46.74,80.83,45.07,42.44,36.11,AVERAGE
BOSCHLTD,2026-10-03 21:26:51.927963,65.59,74.75,51.9,93.82,32.9,57.81,78.19,GOOD
BOSCHLTD,2026-10-03 21:26:51.927963,52.46,69.75,38.46,85.09,33.65,35.3,39.91,AVERAGE
BOSCHLTD,2026-10-03 21:26:51.927963,45.84,54.89,26.38,77.9,52.84,42.44,19.91,WEAK
BOSCHLTD,2026-10-03 21:26:51.927963,57.38,59.76,56.49,75.94,35.7,42.44,67.69,AVERAGE
BOSCHLTD,2026-10-03 21:26:51.927963,71.06,57.96,85.2,93.82,56.1,46.45,82.62,GOOD
BPCL,2026-10-03 21:26:51.927963,0.0,17.75,0.0,27.61,84.78,77.03,0.0,POOR
BPCL,2026-10-03 21:26:51.927963,62.71,30.69,75.75,38.81,88.04,67.71,93.94,AVERAGE
BPCL,2026-10-03 21:26:51.927963,43.81,26.46,49.82,29.37,78.39,62.57,32.04,WEAK
BPCL,2026-10-03 21:26:51.927963,54.9,41.49,53.62,38.14,38.55,83.54,92.94,AVERAGE
BPCL,2026-10-03 21:26:51.927963,55.08,39.21,70.05,40.14,50.17,81.24,63.98,AVERAGE
BPCL,2026-10-03 21:26:51.927963,48.37,33.3,61.36,38.14,52.84,82.92,38.91,WEAK
BPCL,2026-10-03 21:26:51.927963,37.85,18.46,27.78,28.53,75.5,98.5,14.84,WEAK
BPCL,2026-10-03 21:26:51.927963,63.46,49.92,58.17,40.27,58.82,98.25,97.74,AVERAGE
BPCL,2026-10-03 21:26:51.927963,45.12,34.55,57.15,36.47,68.48,57.81,23.53,WEAK
BPCL,2026-10-03 21:26:51.927963,40.21,11.04,48.28,35.59,92.39,74.14,7.87,WEAK
BPCL,2026-10-03 21:26:51.927963,63.69,50.56,69.5,45.74,58.36,66.42,99.28,AVERAGE
BPCL,2026-10-03 21:26:51.927963,33.86,41.47,7.01,42.98,59.91,51.25,10.23,POOR
BRITANNIA,2026-10-03 21:26:51.927963,0.0,74.12,0.0,50.63,53.97,95.32,0.0,POOR
BRITANNIA,2026-10-03 21:26:51.927963,63.59,77.51,55.38,42.65,47.78,93.94,67.87,AVERAGE
BRITANNIA,2026-10-03 21:26:51.927963,46.14,68.23,24.62,40.6,33.65,96.45,22.53,WEAK
BRITANNIA,2026-10-03 21:26:51.927963,65.19,76.63,55.79,48.62,42.73,99.75,74.66,GOOD
BRITANNIA,2026-10-03 21:26:51.927963,51.17,68.29,28.87,54.14,46.61,89.47,28.42,AVERAGE
BRITANNIA,2026-10-03 21:26:51.927963,50.77,66.58,25.16,73.18,55.06,60.07,25.7,AVERAGE
BRITANNIA,2026-10-03 21:26:51.927963,50.88,66.7,37.33,74.64,23.45,60.07,40.09,AVERAGE
BRITANNIA,2026-10-03 21:26:51.927963,56.43,67.89,40.95,73.18,51.67,57.81,45.07,AVERAGE
BRITANNIA,2026-10-03 21:26:51.927963,49.28,65.89,36.79,63.49,33.28,55.81,35.66,WEAK
BRITANNIA,2026-10-03 21:26:51.927963,47.85,56.17,24.21,58.56,67.89,70.34,19.73,WEAK
BRITANNIA,2026-10-03 21:26:51.927963,43.06,47.28,26.88,46.49,54.56,72.81,22.81,WEAK
BRITANNIA,2026-10-03 21:26:51.927963,74.13,65.91,95.52,75.94,41.97,62.57,97.38,GOOD
CANBK,2026-10-03 21:26:51.927963,0.0,37.88,0.0,2.34,40.68,39.89,0.0,POOR
CANBK,2026-10-03 21:26:51.927963,22.64,35.72,21.27,1.42,8.03,39.89,26.97,POOR
CANBK,2026-10-03 21:26:51.927963,19.78,24.25,19.23,1.34,19.57,39.89,18.28,POOR
CANBK,2026-10-03 21:26:51.927963,27.86,13.73,31.15,0.84,99.08,7.69,16.29,POOR
CANBK,2026-10-03 21:26:51.927963,21.1,8.09,9.59,0.92,99.33,7.69,9.05,POOR
CANBK,2026-10-03 21:26:51.927963,21.26,5.14,31.63,1.25,82.82,7.69,1.81,POOR
CANBK,2026-10-03 21:26:51.927963,18.46,12.0,12.49,1.67,70.4,16.21,3.53,POOR
CANBK,2026-10-03 21:26:51.927963,19.61,3.47,24.12,2.01,83.78,7.69,1.9,POOR
CANBK,2026-10-03 21:26:51.927963,26.0,25.79,11.86,2.26,82.36,39.89,3.35,POOR
CANBK,2026-10-03 21:26:51.927963,40.95,19.17,67.6,1.75,75.71,35.3,49.95,WEAK
CANBK,2026-10-03 21:26:51.927963,36.98,19.4,38.05,2.51,91.22,39.89,43.17,WEAK
CANBK,2026-10-03 21:26:51.927963,11.03,4.37,36.7,1.59,7.4,7.69,3.17,POOR
CHOLAFIN,2026-10-03 21:26:51.927963,0.0,54.54,0.0,12.78,2.17,17.92,0.0,POOR
CHOLAFIN,2026-10-03 21:26:51.927963,23.06,47.41,16.02,13.7,3.68,24.64,19.55,POOR
CHOLAFIN,2026-10-03 21:26:51.927963,25.18,36.96,29.14,12.95,11.29,28.07,24.43,POOR
CHOLAFIN,2026-10-03 21:26:51.927963,35.93,49.54,45.29,9.52,2.68,19.84,71.13,WEAK
CHOLAFIN,2026-10-03 21:26:51.927963,50.18,51.11,96.24,12.61,2.09,16.92,95.02,AVERAGE
CHOLAFIN,2026-10-03 21:26:51.927963,20.74,47.18,4.84,15.91,10.95,26.48,8.69,POOR
CHOLAFIN,2026-10-03 21:26:51.927963,43.65,48.68,77.31,10.69,2.34,24.64,77.33,WEAK
CHOLAFIN,2026-10-03 21:26:51.927963,17.53,37.06,7.56,10.07,1.76,33.63,10.77,POOR
CHOLAFIN,2026-10-03 21:26:51.927963,54.41,56.25,98.87,15.46,10.03,19.84,98.46,AVERAGE
CHOLAFIN,2026-10-03 21:26:51.927963,16.74,38.13,5.79,10.78,4.52,24.64,8.6,POOR
CHOLAFIN,2026-10-03 21:26:51.927963,43.0,42.68,75.07,14.95,4.85,26.48,78.01,WEAK
CHOLAFIN,2026-10-03 21:26:51.927963,20.81,35.56,18.73,9.94,3.18,29.45,21.72,POOR
CIPLA,2026-10-03 21:26:51.927963,0.0,75.67,0.0,64.87,35.12,22.72,0.0,POOR
CIPLA,2026-10-03 21:26:51.927963,54.1,63.27,61.88,63.49,48.83,26.48,42.76,AVERAGE
CIPLA,2026-10-03 21:26:51.927963,48.06,53.39,55.11,60.32,38.55,29.45,39.46,WEAK
CIPLA,2026-10-03 21:26:51.927963,50.35,38.63,60.32,54.59,77.38,33.63,36.47,AVERAGE
CIPLA,2026-10-03 21:26:51.927963,56.88,47.28,72.26,55.18,44.19,35.3,81.18,AVERAGE
CIPLA,2026-10-03 21:26:51.927963,53.86,47.18,65.61,55.18,50.17,33.63,65.16,AVERAGE
CIPLA,2026-10-03 21:26:51.927963,66.99,59.53,80.77,64.87,65.68,35.3,85.61,GOOD
CIPLA,2026-10-03 21:26:51.927963,61.24,57.32,69.19,74.64,57.36,33.63,66.06,AVERAGE
CIPLA,2026-10-03 21:26:51.927963,62.86,59.51,66.11,77.9,50.75,49.37,70.14,AVERAGE
CIPLA,2026-10-03 21:26:51.927963,69.41,71.57,77.51,80.83,41.97,51.25,83.17,GOOD
CIPLA,2026-10-03 21:26:51.927963,34.59,49.71,8.28,52.3,56.1,26.48,10.68,POOR
CIPLA,2026-10-03 21:26:51.927963,61.28,46.53,75.02,59.06,74.41,44.57,67.78,AVERAGE
COALINDIA,2026-10-03 21:26:51.927963,0.0,73.77,0.0,85.09,45.78,97.58,0.0,POOR
COALINDIA,2026-10-03 21:26:51.927963,67.84,73.83,63.51,77.9,36.5,98.79,64.25,GOOD
COALINDIA,2026-10-03 21:26:51.927963,55.0,55.37,40.02,63.49,69.36,99.0,22.17,AVERAGE
COALINDIA,2026-10-03 21:26:51.927963,57.7,42.87,48.17,69.72,84.62,99.08,28.6,AVERAGE
COALINDIA,2026-10-03 21:26:51.927963,73.8,74.35,84.57,69.72,37.88,81.24,93.57,GOOD
COALINDIA,2026-10-03 21:26:51.927963,53.66,71.32,44.75,58.1,20.94,79.53,47.15,AVERAGE
COALINDIA,2026-10-03 21:26:51.927963,49.48,60.37,33.62,60.32,32.32,94.19,28.96,WEAK
COALINDIA,2026-10-03 21:26:51.927963,76.13,66.64,80.72,69.72,78.39,89.47,81.09,GOOD
COALINDIA,2026-10-03 21:26:51.927963,77.26,80.81,86.29,71.35,50.17,82.12,89.05,GOOD
COALINDIA,2026-10-03 21:26:51.927963,66.92,84.28,66.74,69.72,22.83,77.03,72.76,GOOD
COALINDIA,2026-10-03 21:26:51.927963,53.55,79.64,9.14,93.82,39.17,98.79,13.21,AVERAGE
COALINDIA,2026-10-03 21:26:51.927963,66.71,83.24,57.06,77.9,24.0,84.8,71.49,GOOD
DABUR,2026-10-03 21:26:51.927963,0.0,71.7,0.0,57.73,40.68,66.42,0.0,POOR
DABUR,2026-10-03 21:26:51.927963,63.2,77.4,59.55,58.56,38.55,64.87,72.58,AVERAGE
DABUR,2026-10-03 21:26:51.927963,60.34,76.63,53.89,58.1,39.17,62.57,63.71,AVERAGE
DABUR,2026-10-03 21:26:51.927963,64.56,76.57,62.17,60.32,30.98,94.7,65.43,AVERAGE
DABUR,2026-10-03 21:26:51.927963,65.87,77.74,67.51,63.49,45.07,67.71,65.88,GOOD
DABUR,2026-10-03 21:26:51.927963,65.37,75.1,61.27,69.72,48.83,71.35,62.81,GOOD
DABUR,2026-10-03 21:26:51.927963,71.68,76.86,70.68,71.35,55.6,84.17,72.49,GOOD
DABUR,2026-10-03 21:26:51.927963,66.13,72.74,68.24,63.49,44.19,85.8,63.8,GOOD
DABUR,2026-10-03 21:26:51.927963,58.9,67.89,56.97,62.36,33.95,86.34,49.68,AVERAGE
DABUR,2026-10-03 21:26:51.927963,45.89,69.96,13.08,55.93,53.47,66.42,18.19,WEAK
DABUR,2026-10-03 21:26:51.927963,50.5,67.77,31.52,49.96,50.75,67.71,35.84,AVERAGE
DABUR,2026-10-03 21:26:51.927963,74.69,66.99,94.3,61.4,48.83,85.8,93.12,GOOD
DIVISLAB,2026-10-03 21:26:51.927963,0.0,73.04,0.0,93.82,30.35,84.17,0.0,POOR
DIVISLAB,2026-10-03 21:26:51.927963,49.58,89.23,6.88,85.09,30.98,66.42,12.31,WEAK
DIVISLAB,2026-10-03 21:26:51.927963,73.9,91.87,77.38,85.09,28.51,67.71,77.65,GOOD
DIVISLAB,2026-10-03 21:26:51.927963,72.78,89.01,75.36,85.09,40.01,62.57,69.55,GOOD
DIVISLAB,2026-10-03 21:26:51.927963,73.97,92.35,79.37,85.09,36.5,49.37,78.91,GOOD
DIVISLAB,2026-10-03 21:26:51.927963,64.52,85.91,55.86,85.09,47.2,51.25,46.02,AVERAGE
DIVISLAB,2026-10-03 21:26:51.927963,56.52,79.14,38.05,85.09,34.28,60.07,34.75,AVERAGE
DIVISLAB,2026-10-03 21:26:51.927963,73.63,85.83,84.39,80.83,28.22,62.57,84.52,GOOD
DIVISLAB,2026-10-03 21:26:51.927963,67.8,84.03,65.59,85.09,34.28,62.57,63.44,GOOD
DIVISLAB,2026-10-03 21:26:51.927963,76.98,88.38,84.25,93.82,40.68,54.39,82.81,GOOD
DIVISLAB,2026-10-03 21:26:51.927963,76.07,92.81,84.25,93.82,26.67,54.39,83.35,GOOD
DIVISLAB,2026-10-03 21:26:51.927963,58.46,78.89,23.76,93.82,58.82,79.53,20.9,AVERAGE
DLF,2026-10-03 21:26:51.927963,0.0,22.35,0.0,42.23,80.1,86.97,0.0,POOR
DLF,2026-10-03 21:26:51.927963,55.24,26.67,54.57,40.14,84.7,82.92,70.95,AVERAGE
DLF,2026-10-03 21:26:51.927963,45.73,11.85,50.18,39.81,96.74,98.58,15.93,WEAK
DLF,2026-10-03 21:26:51.927963,56.95,20.44,51.04,42.06,87.79,91.19,86.88,AVERAGE
DLF,2026-10-03 21:26:51.927963,68.88,67.93,54.84,68.13,51.96,83.54,97.1,GOOD
DLF,2026-10-03 21:26:51.927963,56.55,61.37,42.51,63.49,71.7,83.54,27.15,AVERAGE
DLF,2026-10-03 21:26:51.927963,49.25,52.49,32.87,58.56,58.82,80.62,25.88,WEAK
DLF,2026-10-03 21:26:51.927963,19.86,3.11,37.74,57.23,15.01,0.92,4.07,POOR
DLF,2026-10-03 21:26:51.927963,47.58,70.82,32.53,63.49,37.17,80.62,1.36,WEAK
DLF,2026-10-03 21:26:51.927963,59.67,77.72,74.12,51.29,18.6,19.84,86.33,AVERAGE
DLF,2026-10-03 21:26:51.927963,32.62,27.11,44.12,37.09,12.75,84.17,7.51,POOR
DLF,2026-10-03 21:26:51.927963,64.05,46.82,74.39,51.0,64.88,66.42,89.59,AVERAGE
DMART,2026-10-03 21:26:51.927963,0.0,46.43,0.0,77.9,47.2,7.69,0.0,POOR
DMART,2026-10-03 21:26:51.927963,35.17,40.28,10.02,77.9,55.6,7.69,15.34,WEAK
DMART,2026-10-03 21:26:51.927963,26.81,33.53,3.71,46.91,58.82,7.69,7.06,POOR
DMART,2026-10-03 21:26:51.927963,56.62,38.94,88.69,46.91,54.56,7.69,87.69,AVERAGE
DMART,2026-10-03 21:26:51.927963,52.59,38.67,83.8,44.95,45.78,7.69,78.55,AVERAGE
DMART,2026-10-03 21:26:51.927963,62.83,43.16,99.1,74.64,36.5,7.69,98.55,AVERAGE
DMART,2026-10-03 21:26:51.927963,28.91,41.24,5.2,44.32,58.82,7.69,8.78,POOR
DMART,2026-10-03 21:26:51.927963,54.18,39.11,86.43,53.59,38.55,7.69,83.53,AVERAGE
DMART,2026-10-03 21:26:51.927963,59.1,50.42,85.38,68.13,35.7,7.69,87.15,AVERAGE
DMART,2026-10-03 21:26:51.927963,65.47,49.6,96.47,75.94,48.83,7.69,95.29,GOOD
DMART,2026-10-03 21:26:51.927963,30.62,46.97,8.46,62.36,34.7,7.69,12.4,POOR
DMART,2026-10-03 21:26:51.927963,58.95,45.65,82.71,77.9,40.68,7.69,82.9,AVERAGE
DRREDDY,2026-10-03 21:26:51.927963,0.0,51.32,0.0,59.69,70.69,44.57,0.0,POOR
DRREDDY,2026-10-03 21:26:51.927963,40.41,62.9,19.46,49.37,35.12,35.3,30.59,WEAK
DRREDDY,2026-10-03 21:26:51.927963,60.63,67.56,74.84,49.71,41.97,33.63,77.74,AVERAGE
DRREDDY,2026-10-03 21:26:51.927963,61.1,69.9,72.35,52.67,47.2,31.5,73.48,AVERAGE
DRREDDY,2026-10-03 21:26:51.927963,54.07,62.94,52.26,55.93,64.3,33.63,43.26,AVERAGE
DRREDDY,2026-10-03 21:26:51.927963,70.36,77.78,93.85,71.35,31.44,26.48,93.85,GOOD
DRREDDY,2026-10-03 21:26:51.927963,52.74,75.92,30.72,73.18,57.36,31.5,32.58,AVERAGE
DRREDDY,2026-10-03 21:26:51.927963,41.89,51.17,22.13,59.06,56.98,47.99,16.47,WEAK
DRREDDY,2026-10-03 21:26:51.927963,40.89,46.07,14.75,53.38,67.22,53.05,20.18,WEAK
DRREDDY,2026-10-03 21:26:51.927963,66.41,55.92,83.35,61.4,62.33,44.57,84.98,GOOD
DRREDDY,2026-10-03 21:26:51.927963,50.85,58.53,38.64,55.93,62.33,35.3,48.14,AVERAGE
DRREDDY,2026-10-03 21:26:51.927963,42.25,35.14,26.43,53.38,71.91,69.01,16.56,WEAK
EICHERMOT,2026-10-03 21:26:51.927963,0.0,68.29,0.0,85.09,35.7,67.71,0.0,POOR
EICHERMOT,2026-10-03 21:26:51.927963,78.37,85.16,92.49,80.83,37.17,69.01,93.21,GOOD
EICHERMOT,2026-10-03 21:26:51.927963,46.94,65.13,8.37,80.83,56.1,67.71,11.13,WEAK
EICHERMOT,2026-10-03 21:26:51.927963,39.48,49.35,11.67,85.09,45.07,35.3,11.67,WEAK
EICHERMOT,2026-10-03 21:26:51.927963,60.93,48.95,67.33,75.94,59.41,44.57,69.77,AVERAGE
EICHERMOT,2026-10-03 21:26:51.927963,67.39,51.05,82.35,80.83,62.88,46.45,79.73,GOOD
EICHERMOT,2026-10-03 21:26:51.927963,69.87,88.63,50.27,85.09,47.78,42.44,89.86,GOOD
EICHERMOT,2026-10-03 21:26:51.927963,70.53,89.38,74.25,80.83,43.44,33.63,75.57,GOOD
EICHERMOT,2026-10-03 21:26:51.927963,76.26,78.76,91.76,80.83,40.01,69.01,87.96,GOOD
EICHERMOT,2026-10-03 21:26:51.927963,52.03,86.41,15.84,80.83,56.44,31.5,23.44,AVERAGE
EICHERMOT,2026-10-03 21:26:51.927963,65.59,86.37,69.37,80.83,28.22,31.5,70.77,GOOD
EICHERMOT,2026-10-03 21:26:51.927963,53.75,78.28,36.31,80.83,37.17,39.89,34.84,AVERAGE
GAIL,2026-10-03 21:26:51.927963,0.0,45.63,0.0,55.51,56.44,71.35,0.0,POOR
GAIL,2026-10-03 21:26:51.927963,40.75,32.57,43.67,55.93,24.67,88.89,19.28,WEAK
GAIL,2026-10-03 21:26:51.927963,61.0,65.64,50.36,61.4,29.77,70.34,92.04,AVERAGE
GAIL,2026-10-03 21:26:51.927963,43.72,52.68,12.62,60.74,62.12,70.34,17.1,WEAK
GAIL,2026-10-03 21:26:51.927963,66.42,65.13,84.16,61.4,34.28,62.57,84.62,GOOD
GAIL,2026-10-03 21:26:51.927963,49.53,51.05,43.51,74.64,54.22,51.25,24.07,WEAK
GAIL,2026-10-03 21:26:51.927963,48.64,49.25,18.78,68.13,70.4,78.24,26.43,WEAK
GAIL,2026-10-03 21:26:51.927963,40.78,26.32,26.79,56.77,75.25,71.35,12.67,WEAK
GAIL,2026-10-03 21:26:51.927963,58.93,33.86,81.06,50.08,58.15,49.37,87.24,AVERAGE
GAIL,2026-10-03 21:26:51.927963,57.12,44.92,71.83,49.71,39.17,55.81,84.07,AVERAGE
GAIL,2026-10-03 21:26:51.927963,46.04,39.8,20.77,59.69,69.9,87.55,24.98,WEAK
GAIL,2026-10-03 21:26:51.927963,60.18,47.53,70.18,49.71,63.59,55.81,77.92,AVERAGE
GODREJCP,2026-10-03 21:26:51.927963,0.0,3.6,0.0,56.35,7.4,7.69,0.0,POOR
GODREJCP,2026-10-03 21:26:51.927963,39.11,60.47,20.54,69.72,56.1,7.69,1.63,WEAK
GODREJCP,2026-10-03 21:26:51.927963,52.48,69.06,42.01,58.1,52.34,7.69,63.17,AVERAGE
GODREJCP,2026-10-03 21:26:51.927963,52.75,65.55,35.29,52.3,46.28,86.97,38.82,AVERAGE
GODREJCP,2026-10-03 21:26:51.927963,68.18,82.9,73.3,51.92,28.8,79.53,84.89,GOOD
GODREJCP,2026-10-03 21:26:51.927963,46.12,65.87,53.48,60.74,31.44,7.69,29.05,WEAK
GODREJCP,2026-10-03 21:26:51.927963,47.02,63.42,20.05,44.95,60.95,72.81,26.61,WEAK
GODREJCP,2026-10-03 21:26:51.927963,65.08,70.59,70.09,49.87,45.78,77.03,75.75,GOOD
GODREJCP,2026-10-03 21:26:51.927963,40.87,56.15,16.24,47.74,59.41,49.37,17.19,WEAK
GODREJCP,2026-10-03 21:26:51.927963,58.46,59.3,70.5,47.74,45.78,44.57,73.67,AVERAGE
GODREJCP,2026-10-03 21:26:51.927963,46.73,52.42,48.19,46.49,43.44,49.37,37.1,WEAK
GODREJCP,2026-10-03 21:26:51.927963,50.41,62.75,38.87,45.32,40.01,46.45,63.35,AVERAGE
GRASIM,2026-10-03 21:26:51.927963,0.0,60.01,0.0,51.55,49.54,19.84,0.0,POOR
GRASIM,2026-10-03 21:26:51.927963,43.89,49.6,44.75,52.3,53.47,20.97,30.5,WEAK
GRASIM,2026-10-03 21:26:51.927963,47.12,40.18,55.29,50.63,69.57,20.97,39.28,WEAK
GRASIM,2026-10-03 21:26:51.927963,62.67,53.39,79.41,55.18,68.1,19.84,86.43,AVERAGE
GRASIM,2026-10-03 21:26:51.927963,35.93,25.38,64.84,37.8,13.46,31.5,38.55,WEAK
GRASIM,2026-10-03 21:26:51.927963,32.67,16.45,58.42,33.54,15.01,54.39,27.69,POOR
GRASIM,2026-10-03 21:26:51.927963,54.33,37.0,61.45,33.0,80.27,17.92,93.39,AVERAGE
GRASIM,2026-10-03 21:26:51.927963,52.04,35.43,68.08,36.76,75.71,29.45,65.02,AVERAGE
GRASIM,2026-10-03 21:26:51.927963,53.23,45.82,84.32,40.48,25.79,20.97,85.79,AVERAGE
GRASIM,2026-10-03 21:26:51.927963,40.18,39.13,65.97,35.46,13.25,22.72,50.86,WEAK
GRASIM,2026-10-03 21:26:51.927963,34.65,30.79,56.06,31.91,13.55,26.48,41.81,POOR
GRASIM,2026-10-03 21:26:51.927963,34.9,47.39,6.29,52.05,67.89,20.97,11.4,POOR
HAL,2026-10-03 21:26:51.927963,0.0,93.73,0.0,48.25,47.2,62.57,0.0,POOR
HAL,2026-10-03 21:26:51.927963,57.77,91.64,29.8,55.93,63.96,64.87,29.5,AVERAGE
HAL,2026-10-03 21:26:51.927963,62.86,90.76,37.1,69.72,73.87,53.05,39.37,AVERAGE
HAL,2026-10-03 21:26:51.927963,50.88,78.93,23.08,85.09,24.41,72.81,18.82,AVERAGE
HAL,2026-10-03 21:26:51.927963,48.89,75.15,35.79,73.18,8.36,55.81,34.21,WEAK
HAL,2026-10-03 21:26:51.927963,79.01,80.94,77.47,75.94,89.46,62.57,81.45,GOOD
HAL,2026-10-03 21:26:51.927963,51.1,81.61,24.48,80.83,16.97,62.57,32.49,AVERAGE
HAL,2026-10-03 21:26:51.927963,54.78,73.24,44.98,80.83,15.93,86.34,28.87,AVERAGE
HAVELLS,2026-10-03 21:26:51.927963,0.0,50.9,0.0,80.83,26.21,70.34,0.0,POOR
HAVELLS,2026-10-03 21:26:51.927963,46.82,50.13,27.29,77.9,67.22,16.21,36.29,WEAK
HAVELLS,2026-10-03 21:26:51.927963,49.32,49.25,20.77,73.18,64.88,79.53,27.96,WEAK
HAVELLS,2026-10-03 21:26:51.927963,73.33,84.66,88.05,75.94,21.86,57.81,94.03,GOOD
HAVELLS,2026-10-03 21:26:51.927963,51.94,49.73,50.9,80.83,50.17,67.71,19.37,AVERAGE
HAVELLS,2026-10-03 21:26:51.927963,62.85,57.0,75.93,66.42,25.79,72.81,81.99,AVERAGE
HAVELLS,2026-10-03 21:26:51.927963,66.4,53.55,79.1,66.42,61.58,72.81,71.4,GOOD
HAVELLS,2026-10-03 21:26:51.927963,53.22,45.76,61.04,77.9,24.25,79.53,41.99,AVERAGE
HAVELLS,2026-10-03 21:26:51.927963,66.01,47.2,70.93,75.94,64.55,79.53,73.3,GOOD
HAVELLS,2026-10-03 21:26:51.927963,39.77,42.75,7.78,47.74,72.95,77.03,11.49,WEAK
HAVELLS,2026-10-03 21:26:51.927963,54.86,40.22,50.54,57.44,80.27,83.54,37.92,AVERAGE
HAVELLS,2026-10-03 21:26:51.927963,54.45,54.52,53.35,46.49,48.12,33.63,83.98,AVERAGE
HCLTECH,2026-10-03 21:26:51.927963,0.0,73.27,0.0,66.42,55.6,95.7,0.0,POOR
HCLTECH,2026-10-03 21:26:51.927963,71.36,71.76,73.21,71.35,53.97,96.24,69.05,GOOD
HCLTECH,2026-10-03 21:26:51.927963,50.62,69.23,20.23,64.87,69.11,49.37,28.24,AVERAGE
HCLTECH,2026-10-03 21:26:51.927963,56.68,71.26,44.71,60.32,53.97,51.25,51.04,AVERAGE
HCLTECH,2026-10-03 21:26:51.927963,50.42,77.84,34.07,66.42,34.7,24.64,43.44,AVERAGE
HCLTECH,2026-10-03 21:26:51.927963,53.39,79.47,29.77,80.83,38.55,39.89,37.83,AVERAGE
HCLTECH,2026-10-03 21:26:51.927963,63.27,81.25,44.75,80.83,45.78,74.14,50.68,AVERAGE
HCLTECH,2026-10-03 21:26:51.927963,48.32,75.75,15.7,75.94,27.3,74.14,22.26,WEAK
HCLTECH,2026-10-03 21:26:51.927963,73.32,84.64,77.56,77.9,29.14,88.35,78.37,GOOD
HCLTECH,2026-10-03 21:26:51.927963,54.23,85.37,34.52,74.64,41.26,24.64,40.9,AVERAGE
HCLTECH,2026-10-03 21:26:51.927963,48.42,76.61,19.32,69.72,48.83,44.57,21.09,WEAK
HCLTECH,2026-10-03 21:26:51.927963,81.2,70.92,98.14,69.72,61.2,96.83,96.83,EXCELLENT
HDFCBANK,2026-10-03 21:26:51.927963,0.0,49.77,0.0,6.77,13.88,39.89,0.0,POOR
HDFCBANK,2026-10-03 21:26:51.927963,60.96,55.2,98.19,11.36,58.15,24.64,97.56,AVERAGE
HDFCBANK,2026-10-03 21:26:51.927963,23.27,52.4,7.1,9.77,11.12,39.89,10.86,POOR
HDFCBANK,2026-10-03 21:26:51.927963,31.85,51.65,27.74,6.35,22.83,39.89,33.48,POOR
HDFCBANK,2026-10-03 21:26:51.927963,58.4,56.58,98.73,10.94,22.37,47.99,98.1,AVERAGE
HDFCBANK,2026-10-03 21:26:51.927963,33.56,57.04,26.06,11.24,16.22,47.99,34.48,POOR
HDFCBANK,2026-10-03 21:26:51.927963,28.36,53.14,28.8,10.53,14.76,16.92,25.52,POOR
HDFCBANK,2026-10-03 21:26:51.927963,56.05,53.01,94.89,12.7,20.82,47.99,93.3,AVERAGE
HDFCBANK,2026-10-03 21:26:51.927963,26.22,52.38,5.88,7.94,37.17,37.3,9.68,POOR
HDFCBANK,2026-10-03 21:26:51.927963,36.74,51.88,29.73,9.69,50.17,37.3,34.12,WEAK
HDFCBANK,2026-10-03 21:26:51.927963,30.87,50.84,30.72,7.69,9.87,39.89,35.93,POOR
HDFCBANK,2026-10-03 21:26:51.927963,51.4,52.55,90.27,12.2,9.62,37.3,88.05,AVERAGE
HDFCLIFE,2026-10-03 21:26:51.927963,0.0,13.86,0.0,93.82,94.48,51.25,0.0,POOR
HDFCLIFE,2026-10-03 21:26:51.927963,49.18,17.87,25.93,93.82,94.4,46.45,44.34,WEAK
HDFCLIFE,2026-10-03 21:26:51.927963,56.37,14.72,69.37,93.82,92.06,37.3,48.05,AVERAGE
HDFCLIFE,2026-10-03 21:26:51.927963,64.47,10.2,92.58,71.35,90.09,60.07,87.87,AVERAGE
HDFCLIFE,2026-10-03 21:26:51.927963,49.1,10.37,45.16,75.94,88.38,54.39,49.23,WEAK
HDFCLIFE,2026-10-03 21:26:51.927963,50.19,14.92,27.78,93.82,95.15,53.05,48.33,AVERAGE
HDFCLIFE,2026-10-03 21:26:51.927963,59.65,11.31,80.09,71.35,94.65,60.07,65.97,AVERAGE
HDFCLIFE,2026-10-03 21:26:51.927963,45.11,17.41,25.29,93.82,92.14,7.69,46.88,WEAK
HDFCLIFE,2026-10-03 21:26:51.927963,61.35,9.45,86.47,73.18,94.15,54.39,74.39,AVERAGE
HDFCLIFE,2026-10-03 21:26:51.927963,43.39,15.51,13.57,93.82,92.56,51.25,24.8,WEAK
HEROMOTOCO,2026-10-03 21:26:51.927963,0.0,63.04,0.0,74.64,60.74,90.39,0.0,POOR
HEROMOTOCO,2026-10-03 21:26:51.927963,75.83,70.03,86.79,80.83,47.2,84.8,88.51,GOOD
HEROMOTOCO,2026-10-03 21:26:51.927963,49.95,64.55,22.47,80.83,36.5,84.8,21.58,WEAK
HEROMOTOCO,2026-10-03 21:26:51.927963,69.07,65.84,82.35,80.83,20.94,84.17,83.08,GOOD
HEROMOTOCO,2026-10-03 21:26:51.927963,66.14,70.84,45.34,77.9,63.59,83.54,65.25,GOOD
HEROMOTOCO,2026-10-03 21:26:51.927963,58.48,57.09,48.19,75.94,60.49,92.61,32.31,AVERAGE
HEROMOTOCO,2026-10-03 21:26:51.927963,50.55,49.71,36.2,75.94,35.12,94.9,31.58,AVERAGE
HEROMOTOCO,2026-10-03 21:26:51.927963,65.61,52.8,74.12,77.9,37.17,92.44,73.85,GOOD
HEROMOTOCO,2026-10-03 21:26:51.927963,71.66,60.2,74.59,77.9,57.78,93.94,79.64,GOOD
HEROMOTOCO,2026-10-03 21:26:51.927963,58.74,73.24,30.14,77.9,50.17,82.12,46.52,AVERAGE
HEROMOTOCO,2026-10-03 21:26:51.927963,59.9,70.19,42.81,77.9,53.47,81.24,39.73,AVERAGE
HINDALCO,2026-10-03 21:26:51.927963,0.0,20.82,0.0,37.8,86.04,17.92,0.0,POOR
HINDALCO,2026-10-03 21:26:51.927963,60.85,32.13,94.48,47.37,71.91,18.88,94.3,AVERAGE
HINDALCO,2026-10-03 21:26:51.927963,49.84,41.64,54.23,43.57,54.56,17.92,80.5,WEAK
HINDALCO,2026-10-03 21:26:51.927963,31.33,18.04,9.59,40.35,89.84,39.89,9.23,POOR
HINDALCO,2026-10-03 21:26:51.927963,52.44,28.74,65.38,41.85,76.09,16.92,85.34,AVERAGE
HINDALCO,2026-10-03 21:26:51.927963,46.91,33.09,49.55,40.94,69.9,16.21,69.86,WEAK
HINDALCO,2026-10-03 21:26:51.927963,60.56,32.32,90.72,50.29,78.39,19.84,86.97,AVERAGE
HINDALCO,2026-10-03 21:26:51.927963,27.99,13.73,6.24,34.67,93.98,28.07,8.05,POOR
HINDALCO,2026-10-03 21:26:51.927963,33.87,6.81,34.57,28.53,99.58,49.37,7.33,POOR
HINDALCO,2026-10-03 21:26:51.927963,50.73,15.68,60.54,31.37,87.29,20.97,98.73,AVERAGE
HINDALCO,2026-10-03 21:26:51.927963,42.25,23.16,58.12,31.08,41.26,17.92,81.27,WEAK
HINDALCO,2026-10-03 21:26:51.927963,15.55,5.41,43.17,30.03,1.42,1.0,4.98,POOR
HINDUNILVR,2026-10-03 21:26:51.927963,0.0,75.86,0.0,77.9,41.97,95.32,0.0,POOR
HINDUNILVR,2026-10-03 21:26:51.927963,70.84,77.11,64.25,75.94,51.25,94.9,67.6,GOOD
HINDUNILVR,2026-10-03 21:26:51.927963,62.53,77.72,45.88,85.09,29.14,93.69,49.5,AVERAGE
HINDUNILVR,2026-10-03 21:26:51.927963,76.77,79.89,71.9,93.82,51.67,95.32,73.76,GOOD
HINDUNILVR,2026-10-03 21:26:51.927963,56.15,79.14,20.41,85.09,37.88,98.33,26.7,AVERAGE
HINDUNILVR,2026-10-03 21:26:51.927963,78.87,81.73,87.83,85.09,39.17,94.19,85.43,GOOD
HINDUNILVR,2026-10-03 21:26:51.927963,54.11,77.09,17.38,85.09,40.01,92.44,22.35,AVERAGE
HINDUNILVR,2026-10-03 21:26:51.927963,83.03,84.93,88.01,93.82,50.17,94.53,87.6,EXCELLENT
HINDUNILVR,2026-10-03 21:26:51.927963,76.53,73.95,87.33,80.83,41.26,97.2,83.62,GOOD
HINDUNILVR,2026-10-03 21:26:51.927963,58.97,72.41,32.99,80.83,43.44,96.83,39.64,AVERAGE
HINDUNILVR,2026-10-03 21:26:51.927963,74.86,72.76,74.57,77.9,63.25,97.66,72.13,GOOD
HINDUNILVR,2026-10-03 21:26:51.927963,58.47,71.36,22.26,93.82,51.25,98.66,30.32,AVERAGE
ICICIBANK,2026-10-03 21:26:51.927963,0.0,58.44,0.0,14.12,86.16,33.63,0.0,POOR
ICICIBANK,2026-10-03 21:26:51.927963,31.47,58.03,21.95,13.95,17.56,33.63,29.86,POOR
ICICIBANK,2026-10-03 21:26:51.927963,36.95,51.48,15.84,12.28,94.06,19.84,19.82,WEAK
ICICIBANK,2026-10-03 21:26:51.927963,33.93,35.85,29.5,8.9,94.57,7.69,18.55,POOR
ICICIBANK,2026-10-03 21:26:51.927963,31.1,21.59,20.41,10.19,95.57,31.5,17.38,POOR
ICICIBANK,2026-10-03 21:26:51.927963,63.09,55.0,92.17,12.53,76.25,29.45,97.65,AVERAGE
ICICIBANK,2026-10-03 21:26:51.927963,34.56,46.72,11.72,13.24,89.34,29.45,14.66,POOR
ICICIBANK,2026-10-03 21:26:51.927963,46.97,46.7,45.81,11.53,75.71,57.81,48.42,WEAK
ICICIBANK,2026-10-03 21:26:51.927963,43.98,52.84,54.89,12.11,13.71,49.37,73.21,WEAK
ICICIBANK,2026-10-03 21:26:51.927963,37.5,52.88,37.47,11.61,24.92,49.37,42.44,WEAK
ICICIBANK,2026-10-03 21:26:51.927963,42.88,51.9,36.06,11.74,68.27,49.37,38.37,WEAK
ICICIBANK,2026-10-03 21:26:51.927963,44.8,38.84,65.75,11.03,75.33,26.48,42.26,WEAK
ICICIGI,2026-10-03 21:26:51.927963,0.0,44.15,0.0,64.87,83.03,35.3,0.0,POOR
ICICIGI,2026-10-03 21:26:51.927963,50.18,37.6,50.07,63.49,77.63,46.45,33.03,AVERAGE
ICICIGI,2026-10-03 21:26:51.927963,43.27,36.71,22.04,93.82,42.73,53.05,25.97,WEAK
ICICIGI,2026-10-03 21:26:51.927963,68.89,41.2,93.94,69.72,83.86,28.07,93.03,GOOD
ICICIGI,2026-10-03 21:26:51.927963,36.99,50.86,9.95,93.82,16.89,31.5,16.83,WEAK
ICICIGI,2026-10-03 21:26:51.927963,63.34,31.71,95.52,77.9,26.21,69.01,91.95,AVERAGE
ICICIGI,2026-10-03 21:26:51.927963,37.23,45.07,7.42,93.82,50.75,7.69,13.48,WEAK
ICICIGI,2026-10-03 21:26:51.927963,45.83,35.87,29.73,93.82,83.53,7.69,23.62,WEAK
ICICIGI,2026-10-03 21:26:51.927963,69.74,45.94,97.69,73.18,53.47,51.25,97.29,GOOD
ICICIGI,2026-10-03 21:26:51.927963,66.27,37.79,85.43,93.82,55.6,55.81,78.28,GOOD
ICICIGI,2026-10-03 21:26:51.927963,42.89,38.36,12.31,68.13,83.7,53.05,18.37,WEAK
ICICIGI,2026-10-03 21:26:51.927963,69.58,38.98,89.19,93.82,57.78,62.57,86.7,GOOD
ICICIPRULI,2026-10-03 21:26:51.927963,0.0,29.1,0.0,93.82,11.62,64.87,0.0,POOR
ICICIPRULI,2026-10-03 21:26:51.927963,31.3,8.93,57.6,63.49,18.98,24.64,18.1,POOR
ICICIPRULI,2026-10-03 21:26:51.927963,39.91,7.98,79.23,64.87,2.42,22.72,64.71,WEAK
ICICIPRULI,2026-10-03 21:26:51.927963,54.28,17.35,38.46,93.82,95.4,24.64,76.02,AVERAGE
ICICIPRULI,2026-10-03 21:26:51.927963,65.22,12.44,80.77,93.82,96.91,74.14,66.24,GOOD
ICICIPRULI,2026-10-03 21:26:51.927963,64.71,17.64,60.14,93.82,86.58,88.89,82.17,AVERAGE
ICICIPRULI,2026-10-03 21:26:51.927963,60.27,19.13,53.8,93.82,79.81,90.6,64.16,AVERAGE
ICICIPRULI,2026-10-03 21:26:51.927963,49.5,26.84,28.46,58.56,76.34,93.11,50.32,WEAK
ICICIPRULI,2026-10-03 21:26:51.927963,53.1,21.2,71.81,93.82,21.24,84.8,51.31,AVERAGE
ICICIPRULI,2026-10-03 21:26:51.927963,44.53,27.45,27.69,93.82,12.12,92.23,46.79,WEAK
ICICIPRULI,2026-10-03 21:26:51.927963,39.5,8.28,57.29,62.36,79.01,22.72,16.65,WEAK
ICICIPRULI,2026-10-03 21:26:51.927963,59.45,8.38,81.4,62.36,94.98,60.07,76.47,AVERAGE
INDIGO,2026-10-03 21:26:51.927963,0.0,69.23,0.0,25.02,76.55,92.23,0.0,POOR
INDIGO,2026-10-03 21:26:51.927963,53.59,59.28,49.93,22.51,85.95,94.53,20.41,AVERAGE
INDIGO,2026-10-03 21:26:51.927963,78.87,70.61,88.8,60.74,70.69,95.32,94.75,GOOD
INDIGO,2026-10-03 21:26:51.927963,73.93,76.46,79.5,73.18,65.68,54.39,84.34,GOOD
INDIGO,2026-10-03 21:26:51.927963,62.16,69.36,54.89,50.29,77.09,93.69,35.75,AVERAGE
INDIGO,2026-10-03 21:26:51.927963,66.01,70.78,81.18,50.08,68.48,22.72,80.18,GOOD
INDIGO,2026-10-03 21:26:51.927963,54.53,51.51,44.34,46.49,99.25,98.91,6.88,AVERAGE
INDIGO,2026-10-03 21:26:51.927963,18.43,2.93,42.76,53.05,0.33,7.69,2.44,POOR
INDIGO,2026-10-03 21:26:51.927963,41.3,0.08,51.67,80.83,20.61,7.69,99.73,WEAK
INDIGO,2026-10-03 21:26:51.927963,25.04,2.76,49.91,80.83,3.34,7.69,6.52,POOR
INDIGO,2026-10-03 21:26:51.927963,37.59,3.05,76.63,80.83,0.17,7.69,57.24,WEAK
INDIGO,2026-10-03 21:26:51.927963,52.37,75.17,42.13,80.83,81.44,7.69,0.27,AVERAGE
INDUSINDBK,2026-10-03 21:26:51.927963,0.0,48.98,0.0,13.62,12.63,26.48,0.0,POOR
INDUSINDBK,2026-10-03 21:26:51.927963,23.54,46.99,15.61,8.77,9.53,28.07,20.81,POOR
INDUSINDBK,2026-10-03 21:26:51.927963,44.81,48.18,76.7,7.35,14.13,26.48,77.01,WEAK
INDUSINDBK,2026-10-03 21:26:51.927963,49.51,51.19,92.08,9.86,3.76,26.48,90.68,WEAK
INDUSINDBK,2026-10-03 21:26:51.927963,35.35,40.97,64.48,6.85,11.37,29.45,43.53,WEAK
INDUSINDBK,2026-10-03 21:26:51.927963,42.98,42.58,82.85,10.44,9.7,7.69,79.82,WEAK
INDUSINDBK,2026-10-03 21:26:51.927963,37.79,28.24,40.14,11.74,98.16,29.45,21.81,WEAK
INDUSINDBK,2026-10-03 21:26:51.927963,55.94,41.07,75.25,11.45,87.12,29.45,85.97,AVERAGE
INDUSINDBK,2026-10-03 21:26:51.927963,48.42,50.31,81.29,11.99,11.87,31.5,85.7,WEAK
INDUSINDBK,2026-10-03 21:26:51.927963,46.04,50.4,78.82,12.45,11.54,29.45,74.21,WEAK
INDUSINDBK,2026-10-03 21:26:51.927963,19.27,42.45,3.85,8.69,15.68,31.5,7.24,POOR
INDUSINDBK,2026-10-03 21:26:51.927963,63.29,49.67,95.11,11.24,87.88,28.07,94.48,AVERAGE
INFY,2026-10-03 21:26:51.927963,0.0,87.54,0.0,93.82,29.93,51.25,0.0,POOR
INFY,2026-10-03 21:26:51.927963,76.61,85.91,82.49,93.82,27.3,86.97,78.46,GOOD
INFY,2026-10-03 21:26:51.927963,71.63,83.61,72.35,93.82,28.8,75.61,68.69,GOOD
INFY,2026-10-03 21:26:51.927963,70.17,82.44,67.06,93.82,30.98,75.61,65.79,GOOD
INFY,2026-10-03 21:26:51.927963,73.14,87.14,65.52,93.82,31.73,88.89,70.23,GOOD
INFY,2026-10-03 21:26:51.927963,68.65,81.02,61.86,93.82,39.17,89.47,47.51,GOOD
INFY,2026-10-03 21:26:51.927963,69.12,80.48,67.96,71.35,43.44,80.62,67.51,GOOD
INFY,2026-10-03 21:26:51.927963,73.0,81.29,71.04,71.35,53.47,88.89,72.4,GOOD
INFY,2026-10-03 21:26:51.927963,72.87,81.65,75.43,71.35,47.2,88.89,71.31,GOOD
INFY,2026-10-03 21:26:51.927963,69.54,79.6,73.85,64.87,37.17,93.11,68.33,GOOD
INFY,2026-10-03 21:26:51.927963,60.37,80.66,65.34,68.13,39.17,7.69,68.51,AVERAGE
INFY,2026-10-03 21:26:51.927963,51.03,84.45,7.96,93.82,36.5,67.71,13.39,AVERAGE
IOC,2026-10-03 21:26:51.927963,0.0,19.48,0.0,34.54,86.29,60.07,0.0,POOR
IOC,2026-10-03 21:26:51.927963,35.92,12.86,28.55,34.13,81.35,70.34,17.56,WEAK
IOC,2026-10-03 21:26:51.927963,60.88,41.85,56.65,48.25,60.28,80.62,98.28,AVERAGE
IOC,2026-10-03 21:26:51.927963,61.26,41.43,73.8,49.37,56.98,96.83,70.05,AVERAGE
IOC,2026-10-03 21:26:51.927963,42.44,31.02,56.15,42.52,28.8,83.54,29.32,WEAK
IOC,2026-10-03 21:26:51.927963,12.63,5.56,20.41,34.96,7.02,0.17,5.61,POOR
IOC,2026-10-03 21:26:51.927963,37.44,39.69,6.83,40.02,77.09,84.8,0.72,WEAK
IOC,2026-10-03 21:26:51.927963,57.16,36.73,82.58,40.48,41.97,81.24,73.12,AVERAGE
IOC,2026-10-03 21:26:51.927963,43.63,19.61,52.9,39.43,81.02,77.03,15.84,WEAK
IOC,2026-10-03 21:26:51.927963,62.92,43.6,66.2,45.74,66.93,74.14,96.47,AVERAGE
IOC,2026-10-03 21:26:51.927963,34.91,32.57,7.06,47.28,74.67,55.81,9.86,POOR
IOC,2026-10-03 21:26:51.927963,43.36,16.91,49.5,41.35,96.49,66.42,12.76,WEAK
IRCTC,2026-10-03 21:26:51.927963,0.0,82.11,0.0,93.82,30.98,72.81,0.0,POOR
IRCTC,2026-10-03 21:26:51.927963,48.28,69.06,7.33,74.64,58.15,78.24,12.04,WEAK
IRCTC,2026-10-03 21:26:51.927963,79.06,88.46,96.43,73.18,30.35,77.03,96.2,GOOD
IRCTC,2026-10-03 21:26:51.927963,60.09,70.57,31.18,93.82,66.26,97.74,16.2,AVERAGE
IRCTC,2026-10-03 21:26:51.927963,41.6,61.64,10.54,93.82,24.25,42.44,14.21,WEAK
IRCTC,2026-10-03 21:26:51.927963,77.23,67.39,84.25,93.82,63.96,74.14,82.99,GOOD
IRCTC,2026-10-03 21:26:51.927963,81.15,90.05,97.78,77.9,31.44,79.53,98.19,EXCELLENT
IRCTC,2026-10-03 21:26:51.927963,72.0,87.08,74.43,80.83,30.35,82.12,69.68,GOOD
IRCTC,2026-10-03 21:26:51.927963,39.98,64.8,5.61,93.82,18.98,44.57,8.51,WEAK
IRCTC,2026-10-03 21:26:51.927963,71.13,68.69,62.71,93.82,62.54,83.54,64.07,GOOD
IRFC,2026-10-03 21:26:51.927963,0.0,52.3,0.0,8.6,54.56,62.57,0.0,POOR
IRFC,2026-10-03 21:26:51.927963,36.53,53.22,39.07,6.43,5.31,64.87,47.74,WEAK
IRFC,2026-10-03 21:26:51.927963,36.35,55.66,37.87,6.27,2.01,60.07,50.77,WEAK
IRFC,2026-10-03 21:26:51.927963,20.81,51.69,13.62,10.28,1.17,7.69,17.83,POOR
IRFC,2026-10-03 21:26:51.927963,26.15,47.83,23.12,12.36,1.34,37.3,25.25,POOR
IRFC,2026-10-03 21:26:51.927963,30.44,50.63,32.17,6.1,1.59,37.3,43.08,POOR
IRFC,2026-10-03 21:26:51.927963,22.27,31.25,16.24,10.36,1.25,74.14,13.67,POOR
IRFC,2026-10-03 21:26:51.927963,41.14,28.97,74.12,7.52,1.0,74.14,69.23,WEAK
IRFC,2026-10-03 21:26:51.927963,54.7,53.83,95.48,7.02,1.09,62.57,97.83,AVERAGE
ITC,2026-10-03 21:26:51.927963,0.0,91.97,0.0,93.82,32.32,95.7,0.0,POOR
ITC,2026-10-03 21:26:51.927963,69.75,90.84,51.58,93.82,40.01,97.99,45.7,GOOD
ITC,2026-10-03 21:26:51.927963,62.92,88.63,28.3,93.82,43.44,97.45,31.76,AVERAGE
ITC,2026-10-03 21:26:51.927963,62.84,87.37,28.6,93.82,37.88,98.16,38.01,AVERAGE
ITC,2026-10-03 21:26:51.927963,66.92,86.81,45.93,93.82,40.68,87.55,47.33,GOOD
ITC,2026-10-03 21:26:51.927963,65.76,86.77,36.67,93.82,51.25,87.55,41.45,GOOD
ITC,2026-10-03 21:26:51.927963,63.46,86.2,33.62,93.82,44.19,93.11,34.48,AVERAGE
ITC,2026-10-03 21:26:51.927963,70.48,88.96,54.71,85.09,42.73,85.38,63.89,GOOD
ITC,2026-10-03 21:26:51.927963,62.96,89.34,39.14,85.09,31.73,86.34,44.25,AVERAGE
ITC,2026-10-03 21:26:51.927963,62.91,88.88,34.21,93.82,36.5,86.97,37.38,AVERAGE
ITC,2026-10-03 21:26:51.927963,83.97,91.53,91.09,93.82,37.88,94.9,90.86,EXCELLENT
ITC,2026-10-03 21:26:51.927963,59.46,86.96,24.89,93.82,42.73,87.55,23.35,AVERAGE
JINDALSTEL,2026-10-03 21:26:51.927963,0.0,56.4,0.0,38.14,52.84,16.92,0.0,POOR
JINDALSTEL,2026-10-03 21:26:51.927963,37.66,37.69,32.62,31.08,79.18,18.88,21.9,WEAK
JINDALSTEL,2026-10-03 21:26:51.927963,14.34,3.14,30.86,26.57,14.05,7.69,3.44,POOR
JINDALSTEL,2026-10-03 21:26:51.927963,36.89,2.01,74.71,33.71,12.46,7.69,91.67,WEAK
JINDALSTEL,2026-10-03 21:26:51.927963,42.41,51.53,48.05,41.35,83.61,7.69,2.71,WEAK
JINDALSTEL,2026-10-03 21:26:51.927963,12.92,3.76,23.26,34.38,4.93,7.69,4.43,POOR
JINDALSTEL,2026-10-03 21:26:51.927963,29.9,2.42,47.1,32.37,9.78,7.69,85.25,POOR
JINDALSTEL,2026-10-03 21:26:51.927963,41.17,40.99,49.64,54.39,71.07,17.92,2.53,WEAK
JINDALSTEL,2026-10-03 21:26:51.927963,54.6,54.79,61.54,53.88,42.73,15.87,83.44,AVERAGE
JINDALSTEL,2026-10-03 21:26:51.927963,13.01,3.43,20.81,36.63,7.19,7.69,4.34,POOR
JINDALSTEL,2026-10-03 21:26:51.927963,11.79,5.41,13.08,38.43,0.92,7.69,7.69,POOR
JINDALSTEL,2026-10-03 21:26:51.927963,45.37,59.8,44.12,53.76,78.39,16.92,0.54,WEAK
JIOFIN,2026-10-03 21:26:51.927963,0.0,52.51,0.0,85.09,99.92,7.69,0.0,POOR
JIOFIN,2026-10-03 21:26:51.927963,66.4,57.0,99.82,93.82,15.8,7.69,99.82,GOOD
JSWENERGY,2026-10-03 21:26:51.927963,0.0,8.13,0.0,39.43,99.75,7.69,0.0,POOR
JSWENERGY,2026-10-03 21:26:51.927963,64.99,44.15,83.98,29.78,72.12,70.34,98.91,AVERAGE
JSWENERGY,2026-10-03 21:26:51.927963,48.91,40.18,40.18,32.21,84.49,78.24,36.65,WEAK
JSWENERGY,2026-10-03 21:26:51.927963,66.2,59.74,77.49,36.47,80.27,49.37,88.78,GOOD
JSWENERGY,2026-10-03 21:26:51.927963,58.38,56.06,64.89,32.37,79.18,46.45,66.7,AVERAGE
JSWENERGY,2026-10-03 21:26:51.927963,35.28,29.85,18.46,34.8,92.81,28.07,14.48,WEAK
JSWENERGY,2026-10-03 21:26:51.927963,56.45,31.5,69.28,42.06,87.37,49.37,69.14,AVERAGE
JSWENERGY,2026-10-03 21:26:51.927963,59.03,43.71,43.89,49.37,88.46,75.61,73.94,AVERAGE
JSWENERGY,2026-10-03 21:26:51.927963,68.9,66.16,84.23,51.0,67.6,39.89,91.58,GOOD
JSWENERGY,2026-10-03 21:26:51.927963,48.84,48.66,60.45,35.17,60.74,46.45,37.01,WEAK
JSWENERGY,2026-10-03 21:26:51.927963,59.5,49.87,71.13,32.58,87.21,39.89,72.31,AVERAGE
JSWENERGY,2026-10-03 21:26:51.927963,39.46,50.06,16.29,42.98,72.66,31.5,21.27,WEAK
JSWSTEEL,2026-10-03 21:26:51.927963,0.0,15.93,0.0,35.88,92.93,60.07,0.0,POOR
JSWSTEEL,2026-10-03 21:26:51.927963,42.36,8.24,51.13,29.53,93.31,93.69,15.16,WEAK
JSWSTEEL,2026-10-03 21:26:51.927963,8.2,5.12,10.95,26.4,1.51,1.09,2.9,POOR
JSWSTEEL,2026-10-03 21:26:51.927963,37.19,34.01,43.94,27.99,77.09,39.89,1.0,WEAK
JSWSTEEL,2026-10-03 21:26:51.927963,61.9,46.15,87.19,34.38,74.25,33.63,88.42,AVERAGE
JSWSTEEL,2026-10-03 21:26:51.927963,57.76,47.22,75.84,34.96,72.83,33.63,75.02,AVERAGE
JSWSTEEL,2026-10-03 21:26:51.927963,34.72,29.2,21.9,29.53,85.45,31.5,17.65,POOR
JSWSTEEL,2026-10-03 21:26:51.927963,63.13,46.01,79.0,35.3,78.8,51.25,90.59,AVERAGE
JSWSTEEL,2026-10-03 21:26:51.927963,68.53,64.74,94.16,39.43,55.6,51.25,94.21,GOOD
JSWSTEEL,2026-10-03 21:26:51.927963,38.25,18.21,40.18,36.63,91.97,51.25,8.33,WEAK
JSWSTEEL,2026-10-03 21:26:51.927963,57.1,32.07,77.65,38.81,58.82,51.25,91.86,AVERAGE
JSWSTEEL,2026-10-03 21:26:51.927963,28.89,19.88,5.16,29.07,88.8,39.89,8.14,POOR
KOTAKBANK,2026-10-03 21:26:51.927963,0.0,61.18,0.0,19.8,33.65,14.95,0.0,POOR
KOTAKBANK,2026-10-03 21:26:51.927963,32.42,61.98,23.12,20.72,17.73,14.95,33.57,POOR
KOTAKBANK,2026-10-03 21:26:51.927963,34.04,61.37,25.38,20.51,27.59,14.95,32.76,POOR
KOTAKBANK,2026-10-03 21:26:51.927963,35.9,60.12,38.69,20.22,23.04,14.95,34.3,WEAK
KOTAKBANK,2026-10-03 21:26:51.927963,46.69,56.61,48.62,17.92,91.39,7.69,37.65,WEAK
KOTAKBANK,2026-10-03 21:26:51.927963,33.02,55.2,33.35,17.21,20.32,14.95,36.2,POOR
KOTAKBANK,2026-10-03 21:26:51.927963,31.78,55.77,30.63,17.54,11.96,14.95,38.64,POOR
KOTAKBANK,2026-10-03 21:26:51.927963,31.55,46.43,19.05,16.79,61.2,15.87,19.0,POOR
KOTAKBANK,2026-10-03 21:26:51.927963,33.49,56.06,24.52,18.38,28.8,14.95,40.0,POOR
KOTAKBANK,2026-10-03 21:26:51.927963,42.34,54.01,32.67,18.8,87.0,14.95,32.94,WEAK
KOTAKBANK,2026-10-03 21:26:51.927963,39.06,52.72,36.83,15.91,56.98,14.95,40.54,WEAK
KOTAKBANK,2026-10-03 21:26:51.927963,62.44,53.95,93.98,16.88,81.9,14.95,92.31,AVERAGE
LICI,2026-10-03 21:26:51.927963,0.0,6.52,0.0,0.08,99.16,14.95,0.0,POOR
LICI,2026-10-03 21:26:51.927963,55.51,6.52,68.87,93.82,99.5,7.69,68.96,AVERAGE
LICI,2026-10-03 21:26:51.927963,49.26,6.84,71.9,93.82,13.8,47.99,81.54,WEAK
LICI,2026-10-03 21:26:51.927963,60.98,17.18,82.81,93.82,63.59,16.92,98.82,AVERAGE
LICI,2026-10-03 21:26:51.927963,49.96,17.62,68.6,93.82,26.21,31.5,71.22,WEAK
LICI,2026-10-03 21:26:51.927963,19.35,6.63,8.28,0.0,90.26,14.95,6.7,POOR
LODHA,2026-10-03 21:26:51.927963,0.0,32.61,0.0,21.8,24.5,7.69,0.0,POOR
LODHA,2026-10-03 21:26:51.927963,35.55,27.01,38.53,19.59,80.77,7.69,35.11,WEAK
LODHA,2026-10-03 21:26:51.927963,44.52,30.54,80.43,18.96,34.28,7.69,80.32,WEAK
LODHA,2026-10-03 21:26:51.927963,48.34,48.75,86.2,13.53,16.3,7.69,91.13,WEAK
LODHA,2026-10-03 21:26:51.927963,33.6,24.94,38.87,19.38,90.38,7.69,15.75,POOR
LODHA,2026-10-03 21:26:51.927963,54.8,46.59,49.1,40.94,66.93,42.44,86.06,AVERAGE
LODHA,2026-10-03 21:26:51.927963,38.09,20.53,36.88,45.74,91.89,29.45,13.3,WEAK
LODHA,2026-10-03 21:26:51.927963,62.15,51.34,81.63,52.67,66.39,7.69,95.75,AVERAGE
LODHA,2026-10-03 21:26:51.927963,22.79,7.38,6.11,20.13,99.83,7.69,6.43,POOR
LT,2026-10-03 21:26:51.927963,0.0,64.44,0.0,59.69,13.96,46.45,0.0,POOR
LT,2026-10-03 21:26:51.927963,51.93,62.12,58.82,71.35,12.21,54.39,44.43,AVERAGE
LT,2026-10-03 21:26:51.927963,56.51,61.58,64.73,64.87,16.39,64.87,63.26,AVERAGE
LT,2026-10-03 21:26:51.927963,54.13,59.34,56.65,77.9,14.46,74.14,44.62,AVERAGE
LT,2026-10-03 21:26:51.927963,67.97,62.21,74.05,93.82,44.19,46.45,81.72,GOOD
LT,2026-10-03 21:26:51.927963,63.43,63.23,71.67,93.82,12.96,60.07,75.11,AVERAGE
LT,2026-10-03 21:26:51.927963,64.82,65.49,74.43,93.82,15.55,55.81,77.19,AVERAGE
LT,2026-10-03 21:26:51.927963,57.39,65.07,65.84,59.69,25.17,53.05,66.15,AVERAGE
LT,2026-10-03 21:26:51.927963,63.8,62.58,56.43,80.83,70.86,70.34,47.24,AVERAGE
LT,2026-10-03 21:26:51.927963,67.09,69.65,51.13,64.87,69.9,79.53,75.2,GOOD
LT,2026-10-03 21:26:51.927963,64.06,63.0,68.37,68.13,70.4,64.87,49.14,AVERAGE
LT,2026-10-03 21:26:51.927963,67.44,63.61,77.29,66.42,51.96,70.34,75.29,GOOD
LTIM,2026-10-03 21:26:51.927963,0.0,68.92,0.0,66.42,55.06,77.03,0.0,POOR
LTIM,2026-10-03 21:26:51.927963,55.67,72.66,42.69,68.13,27.8,74.14,47.74,AVERAGE
LTIM,2026-10-03 21:26:51.927963,55.72,76.84,29.12,80.83,31.73,75.61,41.58,AVERAGE
LTIM,2026-10-03 21:26:51.927963,48.85,76.55,10.77,64.87,55.06,70.34,16.92,WEAK
LTIM,2026-10-03 21:26:51.927963,51.07,71.89,29.73,59.69,47.2,64.87,30.86,AVERAGE
LTIM,2026-10-03 21:26:51.927963,61.79,80.64,39.28,93.82,36.5,64.87,51.58,AVERAGE
LTIM,2026-10-03 21:26:51.927963,52.84,78.16,20.95,93.82,29.47,66.42,26.52,AVERAGE
LTIM,2026-10-03 21:26:51.927963,60.18,77.99,34.71,93.82,53.47,57.81,39.1,AVERAGE
LTIM,2026-10-03 21:26:51.927963,59.78,78.2,34.98,77.9,44.19,92.61,37.74,AVERAGE
LTIM,2026-10-03 21:26:51.927963,57.17,80.37,34.07,64.87,32.32,90.6,44.16,AVERAGE
LTIM,2026-10-03 21:26:51.927963,69.4,88.38,61.63,71.35,25.79,86.97,78.1,GOOD
LTIM,2026-10-03 21:26:51.927963,50.58,78.09,17.6,59.69,47.2,86.34,19.1,AVERAGE
M&M,2026-10-03 21:26:51.927963,0.0,30.2,0.0,30.79,18.44,46.45,0.0,POOR
M&M,2026-10-03 21:26:51.927963,50.66,44.4,79.34,32.58,18.81,24.64,90.14,AVERAGE
M&M,2026-10-03 21:26:51.927963,32.47,32.4,50.5,28.74,14.38,35.3,28.51,POOR
M&M,2026-10-03 21:26:51.927963,31.48,6.02,8.6,27.15,88.71,99.83,5.97,POOR
M&M,2026-10-03 21:26:51.927963,34.8,38.27,39.37,30.37,56.69,42.44,0.36,POOR
M&M,2026-10-03 21:26:51.927963,51.88,45.19,86.29,30.79,14.76,37.3,85.07,AVERAGE
M&M,2026-10-03 21:26:51.927963,46.54,43.75,70.43,30.79,15.68,44.57,67.29,WEAK
M&M,2026-10-03 21:26:51.927963,24.21,37.71,7.96,33.71,16.6,39.89,11.04,POOR
M&M,2026-10-03 21:26:51.927963,46.89,40.18,70.77,32.83,17.93,37.3,75.66,WEAK
M&M,2026-10-03 21:26:51.927963,32.74,29.72,42.19,31.58,27.01,44.57,24.16,POOR
M&M,2026-10-03 21:26:51.927963,36.04,29.93,42.94,33.38,21.07,47.99,46.7,WEAK
M&M,2026-10-03 21:26:51.927963,40.54,12.25,38.6,27.74,97.49,86.34,15.57,WEAK
MARUTI,2026-10-03 21:26:51.927963,0.0,50.31,0.0,77.9,67.6,42.44,0.0,POOR
MARUTI,2026-10-03 21:26:51.927963,41.95,43.69,24.84,69.72,66.76,22.72,22.08,WEAK
MARUTI,2026-10-03 21:26:51.927963,58.42,45.11,65.02,68.13,68.77,28.07,71.95,AVERAGE
MARUTI,2026-10-03 21:26:51.927963,71.94,57.76,87.87,85.09,64.55,39.89,89.95,GOOD
MARUTI,2026-10-03 21:26:51.927963,71.35,62.65,79.03,85.09,59.91,60.07,80.86,GOOD
MARUTI,2026-10-03 21:26:51.927963,73.92,55.56,92.44,93.82,55.6,57.81,88.96,GOOD
MARUTI,2026-10-03 21:26:51.927963,45.01,55.02,13.62,93.82,33.65,64.87,19.46,WEAK
MARUTI,2026-10-03 21:26:51.927963,45.9,47.18,28.01,93.82,25.46,64.87,27.51,WEAK
MARUTI,2026-10-03 21:26:51.927963,51.38,40.07,33.57,85.09,74.16,62.57,30.05,AVERAGE
MARUTI,2026-10-03 21:26:51.927963,51.23,33.82,61.76,85.09,22.62,82.12,40.36,AVERAGE
MARUTI,2026-10-03 21:26:51.927963,70.37,44.9,89.43,80.83,57.36,67.71,91.76,GOOD
MARUTI,2026-10-03 21:26:51.927963,57.27,58.95,28.37,93.82,63.25,62.57,46.97,AVERAGE
MOTHERSON,2026-10-03 21:26:51.927963,0.0,42.2,0.0,34.8,54.56,53.05,0.0,POOR
MOTHERSON,2026-10-03 21:26:51.927963,38.8,36.81,20.36,30.79,79.81,57.81,21.0,WEAK
MOTHERSON,2026-10-03 21:26:51.927963,58.15,37.31,72.85,32.21,81.73,62.57,72.67,AVERAGE
MOTHERSON,2026-10-03 21:26:51.927963,62.47,26.05,95.16,44.65,80.48,42.44,92.76,AVERAGE
MOTHERSON,2026-10-03 21:26:51.927963,36.12,39.34,14.75,36.3,68.77,37.3,25.61,WEAK
MOTHERSON,2026-10-03 21:26:51.927963,51.88,30.69,69.68,39.81,74.67,57.81,48.78,AVERAGE
MOTHERSON,2026-10-03 21:26:51.927963,49.81,35.28,48.57,39.81,61.58,60.07,67.06,WEAK
MOTHERSON,2026-10-03 21:26:51.927963,46.55,20.92,58.42,48.45,83.32,57.81,27.24,WEAK
MOTHERSON,2026-10-03 21:26:51.927963,30.67,23.66,5.97,26.65,85.54,53.05,9.5,POOR
MOTHERSON,2026-10-03 21:26:51.927963,66.92,24.79,96.24,40.94,85.28,81.24,96.11,GOOD
MOTHERSON,2026-10-03 21:26:51.927963,46.87,21.63,49.1,37.8,89.72,74.14,34.03,WEAK
MOTHERSON,2026-10-03 21:26:51.927963,46.57,18.19,52.94,46.2,74.87,67.71,43.35,WEAK
NAUKRI,2026-10-03 21:26:51.927963,0.0,66.47,0.0,93.82,41.26,26.48,0.0,POOR
NAUKRI,2026-10-03 21:26:51.927963,56.58,48.16,54.84,93.82,58.82,60.07,31.13,AVERAGE
NAUKRI,2026-10-03 21:26:51.927963,36.19,4.85,45.34,93.82,7.65,99.25,5.07,WEAK
NAUKRI,2026-10-03 21:26:51.927963,47.61,3.68,87.74,93.82,4.77,0.33,95.48,WEAK
NAUKRI,2026-10-03 21:26:51.927963,50.78,92.83,35.38,93.82,23.45,28.07,0.63,AVERAGE
NAUKRI,2026-10-03 21:26:51.927963,68.87,91.89,74.12,93.82,22.62,26.48,73.03,GOOD
NAUKRI,2026-10-03 21:26:51.927963,22.09,1.42,38.69,75.94,12.33,1.17,4.25,POOR
NAUKRI,2026-10-03 21:26:51.927963,50.78,98.2,39.95,93.82,18.44,13.7,0.18,AVERAGE
NAUKRI,2026-10-03 21:26:51.927963,25.08,5.06,48.33,85.09,2.84,0.42,6.15,POOR
NAUKRI,2026-10-03 21:26:51.927963,49.18,53.47,33.6,85.09,52.34,83.54,0.81,WEAK
NAUKRI,2026-10-03 21:26:51.927963,41.04,60.74,5.2,93.82,26.92,54.39,8.42,WEAK
NAUKRI,2026-10-03 21:26:51.927963,75.16,94.65,95.02,85.09,19.73,18.88,99.19,GOOD
NESTLEIND,2026-10-03 21:26:51.927963,0.0,83.53,0.0,66.42,46.28,94.4,0.0,POOR
NESTLEIND,2026-10-03 21:26:51.927963,55.59,82.53,22.81,64.87,50.17,87.55,29.23,AVERAGE
NESTLEIND,2026-10-03 21:26:51.927963,57.38,77.84,30.68,64.87,50.75,96.45,31.95,AVERAGE
NESTLEIND,2026-10-03 21:26:51.927963,58.33,78.09,34.19,61.4,46.28,97.2,40.68,AVERAGE
NESTLEIND,2026-10-03 21:26:51.927963,64.42,80.62,41.95,71.35,52.34,97.45,50.5,AVERAGE
NESTLEIND,2026-10-03 21:26:51.927963,59.14,75.59,26.43,85.09,56.69,92.02,29.95,AVERAGE
NESTLEIND,2026-10-03 21:26:51.927963,58.49,67.39,29.68,85.09,62.54,91.9,29.14,AVERAGE
NESTLEIND,2026-10-03 21:26:51.927963,58.5,62.77,33.8,85.09,62.12,90.02,33.12,AVERAGE
NESTLEIND,2026-10-03 21:26:51.927963,52.6,46.17,24.89,85.09,72.95,95.32,18.91,AVERAGE
NESTLEIND,2026-10-03 21:26:51.927963,78.78,70.97,85.2,85.09,60.37,84.8,91.31,GOOD
NESTLEIND,2026-10-03 21:26:51.927963,57.71,68.9,41.13,51.29,66.26,77.03,46.15,AVERAGE
NESTLEIND,2026-10-03 21:26:51.927963,79.11,81.94,88.28,66.42,51.96,99.58,88.33,GOOD
NHPC,2026-10-03 21:26:51.927963,0.0,57.23,0.0,45.32,77.97,54.39,0.0,POOR
NHPC,2026-10-03 21:26:51.927963,61.09,70.86,56.97,46.49,41.26,55.81,88.24,AVERAGE
NHPC,2026-10-03 21:26:51.927963,73.62,73.41,81.13,47.16,78.8,90.02,74.3,GOOD
NHPC,2026-10-03 21:26:51.927963,54.8,69.44,32.22,48.25,67.6,87.97,32.13,AVERAGE
NHPC,2026-10-03 21:26:51.927963,65.2,68.16,69.05,48.25,58.82,87.55,63.53,GOOD
NHPC,2026-10-03 21:26:51.927963,63.22,69.71,71.63,45.32,34.7,85.38,72.85,AVERAGE
NHPC,2026-10-03 21:26:51.927963,63.06,71.07,54.52,45.95,60.74,83.54,66.88,AVERAGE
NHPC,2026-10-03 21:26:51.927963,61.46,71.4,52.4,44.95,54.22,85.38,64.8,AVERAGE
NHPC,2026-10-03 21:26:51.927963,65.1,71.28,72.81,43.86,48.12,82.92,70.86,GOOD
NHPC,2026-10-03 21:26:51.927963,51.38,65.2,17.69,47.74,80.77,94.7,18.64,AVERAGE
NHPC,2026-10-03 21:26:51.927963,72.02,69.94,80.81,42.98,68.1,85.8,87.51,GOOD
NHPC,2026-10-03 21:26:51.927963,47.72,69.59,24.43,46.91,61.87,54.39,24.52,WEAK
NTPC,2026-10-03 21:26:51.927963,0.0,56.61,0.0,41.65,61.87,77.03,0.0,POOR
NTPC,2026-10-03 21:26:51.927963,47.61,49.64,49.68,36.3,62.88,44.57,39.55,WEAK
NTPC,2026-10-03 21:26:51.927963,56.79,54.81,51.4,39.1,76.84,53.05,67.42,AVERAGE
NTPC,2026-10-03 21:26:51.927963,55.96,49.87,61.13,38.14,71.53,71.35,51.22,AVERAGE
NTPC,2026-10-03 21:26:51.927963,53.95,45.4,57.69,36.13,71.4,74.14,50.14,AVERAGE
NTPC,2026-10-03 21:26:51.927963,61.4,51.17,76.06,31.91,58.15,79.53,79.55,AVERAGE
NTPC,2026-10-03 21:26:51.927963,47.43,41.83,52.4,29.37,74.04,54.39,36.92,WEAK
NTPC,2026-10-03 21:26:51.927963,60.7,48.98,67.92,29.78,75.92,75.61,76.38,AVERAGE
NTPC,2026-10-03 21:26:51.927963,62.09,49.06,74.43,31.66,79.81,75.61,71.04,AVERAGE
NTPC,2026-10-03 21:26:51.927963,46.0,65.47,16.74,42.4,57.36,71.97,27.51,WEAK
NTPC,2026-10-03 21:26:51.927963,66.33,47.89,92.13,33.17,72.12,70.34,87.33,GOOD
NTPC,2026-10-03 21:26:51.927963,47.94,41.37,38.64,32.58,82.82,77.03,32.4,WEAK
ONGC,2026-10-03 21:26:51.927963,0.0,50.98,0.0,52.3,68.48,62.57,0.0,POOR
ONGC,2026-10-03 21:26:51.927963,45.75,64.09,7.78,61.4,67.22,67.71,14.03,WEAK
ONGC,2026-10-03 21:26:51.927963,52.92,35.43,67.78,48.62,76.55,55.81,41.0,AVERAGE
ONGC,2026-10-03 21:26:51.927963,68.99,52.63,92.31,51.92,66.01,57.81,92.67,GOOD
ONGC,2026-10-03 21:26:51.927963,43.8,45.11,24.62,51.29,70.15,57.81,23.98,WEAK
ONGC,2026-10-03 21:26:51.927963,41.71,20.4,25.11,47.74,92.73,88.35,11.22,WEAK
ONGC,2026-10-03 21:26:51.927963,62.3,50.15,52.35,53.17,65.68,74.14,93.67,AVERAGE
ONGC,2026-10-03 21:26:51.927963,45.58,43.37,9.91,57.44,86.87,87.55,15.66,WEAK
ONGC,2026-10-03 21:26:51.927963,67.71,48.16,83.12,54.85,72.37,79.53,80.09,GOOD
ONGC,2026-10-03 21:26:51.927963,69.05,63.23,75.2,55.18,73.87,62.57,83.89,GOOD
ONGC,2026-10-03 21:26:51.927963,58.66,42.24,72.08,50.63,76.09,71.97,49.86,AVERAGE
ONGC,2026-10-03 21:26:51.927963,64.95,36.08,85.72,51.0,81.9,74.14,76.24,AVERAGE
PFC,2026-10-03 21:26:51.927963,0.0,24.5,0.0,16.25,30.98,88.89,0.0,POOR
PFC,2026-10-03 21:26:51.927963,53.71,56.54,76.7,16.04,10.62,60.07,94.84,AVERAGE
PFC,2026-10-03 21:26:51.927963,37.88,58.55,40.41,15.66,7.78,42.44,49.32,WEAK
PFC,2026-10-03 21:26:51.927963,36.22,60.2,34.07,15.66,6.1,46.45,42.99,WEAK
PFC,2026-10-03 21:26:51.927963,32.31,59.43,25.72,15.37,4.1,44.57,32.85,POOR
PFC,2026-10-03 21:26:51.927963,49.32,55.48,96.61,3.93,3.51,7.69,94.93,WEAK
PFC,2026-10-03 21:26:51.927963,54.41,60.81,91.99,8.27,7.27,47.99,91.22,AVERAGE
PFC,2026-10-03 21:26:51.927963,32.07,58.95,27.92,7.23,7.9,46.45,32.22,POOR
PFC,2026-10-03 21:26:51.927963,23.82,48.56,11.13,4.01,3.43,62.57,13.85,POOR
PFC,2026-10-03 21:26:51.927963,51.19,54.54,89.55,4.18,7.11,46.45,88.69,AVERAGE
PFC,2026-10-03 21:26:51.927963,26.72,42.31,23.71,3.84,5.64,69.01,20.54,POOR
PFC,2026-10-03 21:26:51.927963,53.99,57.76,85.57,6.68,20.61,47.99,90.32,AVERAGE
PIDILITIND,2026-10-03 21:26:51.927963,0.0,65.18,0.0,71.35,48.83,62.57,0.0,POOR
PIDILITIND,2026-10-03 21:26:51.927963,62.99,62.33,70.29,80.83,34.28,62.57,65.52,AVERAGE
PIDILITIND,2026-10-03 21:26:51.927963,80.48,69.27,97.24,74.64,65.3,82.12,96.74,EXCELLENT
PIDILITIND,2026-10-03 21:26:51.927963,42.94,62.69,6.61,77.9,46.61,57.81,9.95,WEAK
PIDILITIND,2026-10-03 21:26:51.927963,72.19,78.01,77.47,77.9,49.54,53.05,85.16,GOOD
PIDILITIND,2026-10-03 21:26:51.927963,64.53,75.69,64.43,77.9,36.5,55.81,66.52,AVERAGE
PIDILITIND,2026-10-03 21:26:51.927963,66.61,77.59,68.55,77.9,31.73,64.87,70.5,GOOD
PIDILITIND,2026-10-03 21:26:51.927963,60.48,68.19,61.24,77.9,35.7,70.34,47.42,AVERAGE
PIDILITIND,2026-10-03 21:26:51.927963,68.38,74.71,67.56,73.18,50.75,64.87,74.12,GOOD
PIDILITIND,2026-10-03 21:26:51.927963,64.54,63.11,77.56,73.18,30.35,77.03,66.79,AVERAGE
PIDILITIND,2026-10-03 21:26:51.927963,66.44,59.36,72.04,74.64,53.97,79.53,66.33,GOOD
PIDILITIND,2026-10-03 21:26:51.927963,54.55,70.05,23.62,73.18,55.06,71.97,39.19,AVERAGE
PNB,2026-10-03 21:26:51.927963,0.0,1.3,0.0,5.85,86.58,7.69,0.0,POOR
PNB,2026-10-03 21:26:51.927963,34.46,1.3,54.59,5.85,86.58,7.69,57.24,POOR
PNB,2026-10-03 21:26:51.927963,34.46,1.3,54.59,5.85,86.58,7.69,57.24,POOR
PNB,2026-10-03 21:26:51.927963,34.46,1.3,54.59,5.85,86.58,7.69,57.24,POOR
PNB,2026-10-03 21:26:51.927963,34.46,1.3,54.59,5.85,86.58,7.69,57.24,POOR
PNB,2026-10-03 21:26:51.927963,28.17,0.59,57.26,9.27,19.31,7.69,76.74,POOR
PNB,2026-10-03 21:26:51.927963,24.71,0.59,54.59,9.27,19.31,7.69,57.24,POOR
PNB,2026-10-03 21:26:51.927963,24.71,0.59,54.59,9.27,19.31,7.69,57.24,POOR
PNB,2026-10-03 21:26:51.927963,24.71,0.59,54.59,9.27,19.31,7.69,57.24,POOR
PNB,2026-10-03 21:26:51.927963,24.71,0.59,54.59,9.27,19.31,7.69,57.24,POOR
PNB,2026-10-03 21:26:51.927963,29.23,22.35,25.25,14.45,98.66,7.69,5.7,POOR
PNB,2026-10-03 21:26:51.927963,42.83,22.35,54.59,14.45,98.66,7.69,57.24,WEAK
PNB,2026-10-03 21:26:51.927963,42.83,22.35,54.59,14.45,98.66,7.69,57.24,WEAK
PNB,2026-10-03 21:26:51.927963,42.83,22.35,54.59,14.45,98.66,7.69,57.24,WEAK
PNB,2026-10-03 21:26:51.927963,42.83,22.35,54.59,14.45,98.66,7.69,57.24,WEAK
PNB,2026-10-03 21:26:51.927963,9.04,2.01,32.85,3.59,6.52,1.92,1.72,POOR
PNB,2026-10-03 21:26:51.927963,21.72,2.01,54.59,3.59,6.52,1.92,57.24,POOR
PNB,2026-10-03 21:26:51.927963,21.72,2.01,54.59,3.59,6.52,1.92,57.24,POOR
PNB,2026-10-03 21:26:51.927963,21.72,2.01,54.59,3.59,6.52,1.92,57.24,POOR
PNB,2026-10-03 21:26:51.927963,21.72,2.01,54.59,3.59,6.52,1.92,57.24,POOR
PNB,2026-10-03 21:26:51.927963,33.07,58.55,22.33,5.35,59.91,37.3,2.99,POOR
PNB,2026-10-03 21:26:51.927963,47.66,58.55,54.59,5.35,59.91,37.3,57.24,WEAK
PNB,2026-10-03 21:26:51.927963,47.66,58.55,54.59,5.35,59.91,37.3,57.24,WEAK
PNB,2026-10-03 21:26:51.927963,47.66,58.55,54.59,5.35,59.91,37.3,57.24,WEAK
PNB,2026-10-03 21:26:51.927963,47.66,58.55,54.59,5.35,59.91,37.3,57.24,WEAK
PNB,2026-10-03 21:26:51.927963,52.56,65.99,50.23,4.85,89.05,22.72,64.43,AVERAGE
PNB,2026-10-03 21:26:51.927963,52.36,65.99,54.59,4.85,89.05,22.72,57.24,AVERAGE
PNB,2026-10-03 21:26:51.927963,52.36,65.99,54.59,4.85,89.05,22.72,57.24,AVERAGE
PNB,2026-10-03 21:26:51.927963,52.36,65.99,54.59,4.85,89.05,22.72,57.24,AVERAGE
PNB,2026-10-03 21:26:51.927963,52.36,65.99,54.59,4.85,89.05,22.72,57.24,AVERAGE
PNB,2026-10-03 21:26:51.927963,50.15,74.16,61.15,4.43,17.31,39.89,80.86,AVERAGE
PNB,2026-10-03 21:26:51.927963,45.29,74.16,54.59,4.43,17.31,39.89,57.24,WEAK
PNB,2026-10-03 21:26:51.927963,45.29,74.16,54.59,4.43,17.31,39.89,57.24,WEAK
PNB,2026-10-03 21:26:51.927963,45.29,74.16,54.59,4.43,17.31,39.89,57.24,WEAK
PNB,2026-10-03 21:26:51.927963,45.29,74.16,54.59,4.43,17.31,39.89,57.24,WEAK
PNB,2026-10-03 21:26:51.927963,46.11,37.46,61.81,16.54,90.76,37.3,30.41,WEAK
PNB,2026-10-03 21:26:51.927963,48.69,37.46,54.59,16.54,90.76,37.3,57.24,WEAK
PNB,2026-10-03 21:26:51.927963,48.69,37.46,54.59,16.54,90.76,37.3,57.24,WEAK
PNB,2026-10-03 21:26:51.927963,48.69,37.46,54.59,16.54,90.76,37.3,57.24,WEAK
PNB,2026-10-03 21:26:51.927963,48.69,37.46,54.59,16.54,90.76,37.3,57.24,WEAK
PNB,2026-10-03 21:26:51.927963,45.93,32.19,55.2,17.92,93.73,44.57,37.56,WEAK
PNB,2026-10-03 21:26:51.927963,48.76,32.19,54.59,17.92,93.73,44.57,57.24,WEAK
PNB,2026-10-03 21:26:51.927963,48.76,32.19,54.59,17.92,93.73,44.57,57.24,WEAK
PNB,2026-10-03 21:26:51.927963,48.76,32.19,54.59,17.92,93.73,44.57,57.24,WEAK
PNB,2026-10-03 21:26:51.927963,48.76,32.19,54.59,17.92,93.73,44.57,57.24,WEAK
PNB,2026-10-03 21:26:51.927963,53.84,54.47,88.91,21.14,9.03,37.3,94.57,AVERAGE
PNB,2026-10-03 21:26:51.927963,41.38,54.47,54.59,21.14,9.03,37.3,57.24,WEAK
PNB,2026-10-03 21:26:51.927963,41.38,54.47,54.59,21.14,9.03,37.3,57.24,WEAK
PNB,2026-10-03 21:26:51.927963,41.38,54.47,54.59,21.14,9.03,37.3,57.24,WEAK
PNB,2026-10-03 21:26:51.927963,41.38,54.47,54.59,21.14,9.03,37.3,57.24,WEAK
PNB,2026-10-03 21:26:51.927963,27.94,27.24,11.4,13.24,97.24,7.69,10.05,POOR
PNB,2026-10-03 21:26:51.927963,43.65,27.24,54.59,13.24,97.24,7.69,57.24,WEAK
PNB,2026-10-03 21:26:51.927963,43.65,27.24,54.59,13.24,97.24,7.69,57.24,WEAK
PNB,2026-10-03 21:26:51.927963,43.65,27.24,54.59,13.24,97.24,7.69,57.24,WEAK
PNB,2026-10-03 21:26:51.927963,43.65,27.24,54.59,13.24,97.24,7.69,57.24,WEAK
PNB,2026-10-03 21:26:51.927963,7.29,9.11,8.73,8.27,0.59,7.69,7.78,POOR
PNB,2026-10-03 21:26:51.927963,23.88,9.11,54.59,8.27,0.59,7.69,57.24,POOR
PNB,2026-10-03 21:26:51.927963,23.88,9.11,54.59,8.27,0.59,7.69,57.24,POOR
PNB,2026-10-03 21:26:51.927963,23.88,9.11,54.59,8.27,0.59,7.69,57.24,POOR
PNB,2026-10-03 21:26:51.927963,23.88,9.11,54.59,8.27,0.59,7.69,57.24,POOR
POWERGRID,2026-10-03 21:26:51.927963,0.0,64.46,0.0,25.61,85.83,60.07,0.0,POOR
POWERGRID,2026-10-03 21:26:51.927963,58.34,64.46,54.59,25.61,85.83,60.07,57.24,AVERAGE
POWERGRID,2026-10-03 21:26:51.927963,61.53,63.59,70.77,25.02,85.16,44.57,69.95,AVERAGE
POWERGRID,2026-10-03 21:26:51.927963,56.39,63.59,54.59,25.02,85.16,44.57,57.24,AVERAGE
POWERGRID,2026-10-03 21:26:51.927963,62.21,64.59,74.71,25.44,80.77,42.44,72.94,AVERAGE
POWERGRID,2026-10-03 21:26:51.927963,55.83,64.59,54.59,25.44,80.77,42.44,57.24,AVERAGE
POWERGRID,2026-10-03 21:26:51.927963,66.51,66.18,79.23,25.94,83.99,62.57,75.84,GOOD
POWERGRID,2026-10-03 21:26:51.927963,58.8,66.18,54.59,25.94,83.99,62.57,57.24,AVERAGE
POWERGRID,2026-10-03 21:26:51.927963,63.93,64.34,72.35,25.77,83.03,66.42,69.41,AVERAGE
POWERGRID,2026-10-03 21:26:51.927963,58.55,64.34,54.59,25.77,83.03,66.42,57.24,AVERAGE
POWERGRID,2026-10-03 21:26:51.927963,66.16,66.51,75.29,25.27,77.63,78.24,74.75,GOOD
POWERGRID,2026-10-03 21:26:51.927963,59.39,66.51,54.59,25.27,77.63,78.24,57.24,AVERAGE
POWERGRID,2026-10-03 21:26:51.927963,65.54,67.75,67.67,26.19,83.32,82.12,69.55,GOOD
POWERGRID,2026-10-03 21:26:51.927963,61.08,67.75,54.59,26.19,83.32,82.12,57.24,AVERAGE
POWERGRID,2026-10-03 21:26:51.927963,65.11,69.19,65.34,27.15,79.52,85.38,68.05,GOOD
POWERGRID,2026-10-03 21:26:51.927963,61.34,69.19,54.59,27.15,79.52,85.38,57.24,AVERAGE
POWERGRID,2026-10-03 21:26:51.927963,71.35,73.68,75.66,31.91,81.56,91.6,77.47,GOOD
POWERGRID,2026-10-03 21:26:51.927963,64.1,73.68,54.59,31.91,81.56,91.6,57.24,AVERAGE
POWERGRID,2026-10-03 21:26:51.927963,66.19,74.18,60.5,34.13,78.8,91.6,62.99,GOOD
POWERGRID,2026-10-03 21:26:51.927963,64.15,74.18,54.59,34.13,78.8,91.6,57.24,AVERAGE
POWERGRID,2026-10-03 21:26:51.927963,41.66,67.14,5.7,24.35,82.57,62.57,9.59,WEAK
POWERGRID,2026-10-03 21:26:51.927963,58.58,67.14,54.59,24.35,82.57,62.57,57.24,AVERAGE
POWERGRID,2026-10-03 21:26:51.927963,76.1,75.96,97.65,28.74,64.88,90.02,96.92,GOOD
POWERGRID,2026-10-03 21:26:51.927963,61.54,75.96,54.59,28.74,64.88,90.02,57.24,AVERAGE
RECLTD,2026-10-03 21:26:51.927963,0.0,59.8,0.0,13.87,8.28,60.07,0.0,POOR
RECLTD,2026-10-03 21:26:51.927963,51.46,61.41,77.74,14.2,6.19,60.07,76.65,AVERAGE
RECLTD,2026-10-03 21:26:51.927963,33.82,58.59,22.99,14.04,17.73,60.07,25.34,POOR
RECLTD,2026-10-03 21:26:51.927963,34.55,56.31,34.43,10.61,4.35,60.07,35.57,POOR
RECLTD,2026-10-03 21:26:51.927963,28.44,44.94,21.4,9.61,3.26,79.53,20.27,POOR
RECLTD,2026-10-03 21:26:51.927963,43.47,54.56,47.69,11.86,3.6,71.97,71.86,WEAK
RECLTD,2026-10-03 21:26:51.927963,33.61,51.11,30.41,14.79,2.93,75.61,30.23,POOR
RECLTD,2026-10-03 21:26:51.927963,50.41,58.93,70.97,15.54,10.28,60.07,77.33,AVERAGE
RECLTD,2026-10-03 21:26:51.927963,36.51,61.2,34.93,15.2,5.52,42.44,45.79,WEAK
RECLTD,2026-10-03 21:26:51.927963,35.75,62.77,31.36,15.12,7.65,42.44,40.81,WEAK
RECLTD,2026-10-03 21:26:51.927963,32.79,62.35,24.89,14.87,4.26,44.57,32.67,POOR
RECLTD,2026-10-03 21:26:51.927963,62.09,61.54,90.09,17.42,47.2,60.07,86.61,AVERAGE
RELIANCE,2026-10-03 21:26:51.927963,0.0,41.45,0.0,49.37,74.04,22.72,0.0,POOR
RELIANCE,2026-10-03 21:26:51.927963,31.58,45.94,14.57,53.38,23.45,20.97,23.71,POOR
RELIANCE,2026-10-03 21:26:51.927963,44.26,32.98,56.06,44.11,78.6,22.72,27.51,WEAK
RELIANCE,2026-10-03 21:26:51.927963,41.7,35.51,46.15,44.11,46.28,22.72,51.76,WEAK
RELIANCE,2026-10-03 21:26:51.927963,42.05,42.12,26.43,43.57,73.54,22.72,42.62,WEAK
RELIANCE,2026-10-03 21:26:51.927963,40.02,42.81,25.16,43.57,67.22,24.64,34.66,WEAK
RELIANCE,2026-10-03 21:26:51.927963,47.86,47.26,47.06,42.98,56.69,22.72,62.71,WEAK
RELIANCE,2026-10-03 21:26:51.927963,44.35,36.02,60.18,44.49,61.87,26.48,31.4,WEAK
RELIANCE,2026-10-03 21:26:51.927963,48.6,35.91,60.77,46.07,72.37,26.48,47.06,WEAK
RELIANCE,2026-10-03 21:26:51.927963,44.48,37.12,39.68,48.96,69.36,28.07,44.71,WEAK
RELIANCE,2026-10-03 21:26:51.927963,62.87,40.8,96.2,47.74,64.88,20.97,96.29,AVERAGE
RELIANCE,2026-10-03 21:26:51.927963,43.55,43.46,30.45,53.17,66.56,20.97,43.62,WEAK
SBILIFE,2026-10-03 21:26:51.927963,0.0,9.97,0.0,93.82,97.99,28.07,0.0,POOR
SBILIFE,2026-10-03 21:26:51.927963,45.19,14.19,25.97,93.82,97.83,7.69,46.24,WEAK
SBILIFE,2026-10-03 21:26:51.927963,52.47,13.88,52.26,93.82,96.99,31.5,45.16,AVERAGE
SBILIFE,2026-10-03 21:26:51.927963,46.84,15.13,26.52,93.82,96.07,35.3,38.28,WEAK
SBILIFE,2026-10-03 21:26:51.927963,47.28,14.3,33.14,93.82,95.9,33.63,35.02,WEAK
SBILIFE,2026-10-03 21:26:51.927963,46.43,17.45,24.39,93.82,94.23,29.45,40.27,WEAK
SBILIFE,2026-10-03 21:26:51.927963,54.22,16.01,64.16,93.82,85.7,31.5,48.69,AVERAGE
SBILIFE,2026-10-03 21:26:51.927963,36.09,18.29,26.56,93.82,20.07,29.45,41.18,WEAK
SBILIFE,2026-10-03 21:26:51.927963,67.53,10.45,95.02,93.82,98.24,35.3,90.5,GOOD
SBILIFE,2026-10-03 21:26:51.927963,34.93,18.14,7.9,93.82,69.9,19.84,15.16,POOR
SBILIFE,2026-10-03 21:26:51.927963,67.82,9.07,97.56,93.82,98.08,29.45,95.38,GOOD
SBILIFE,2026-10-03 21:26:51.927963,46.09,10.56,25.32,93.82,98.33,31.5,42.76,WEAK
SHREECEM,2026-10-03 21:26:51.927963,0.0,45.28,0.0,69.72,72.66,33.63,0.0,POOR
SHREECEM,2026-10-03 21:26:51.927963,59.84,60.39,54.1,60.74,47.2,55.81,81.0,AVERAGE
SHREECEM,2026-10-03 21:26:51.927963,41.16,42.81,20.14,63.49,75.08,29.45,18.01,WEAK
SHREECEM,2026-10-03 21:26:51.927963,65.16,70.65,61.18,61.4,70.4,20.97,89.32,GOOD
SHREECEM,2026-10-03 21:26:51.927963,49.67,55.43,31.54,57.23,81.23,53.05,22.9,WEAK
SHREECEM,2026-10-03 21:26:51.927963,45.14,44.73,33.26,55.18,74.41,44.57,22.71,WEAK
SHREECEM,2026-10-03 21:26:51.927963,57.09,62.1,48.42,53.76,59.41,28.07,80.63,AVERAGE
SHREECEM,2026-10-03 21:26:51.927963,58.27,68.9,38.51,59.69,66.76,70.34,48.96,AVERAGE
SHREECEM,2026-10-03 21:26:51.927963,49.39,75.9,23.03,62.36,59.91,18.88,37.19,WEAK
SHREECEM,2026-10-03 21:26:51.927963,45.73,38.55,42.22,59.69,84.11,42.44,12.22,WEAK
SHREECEM,2026-10-03 21:26:51.927963,62.94,63.69,61.9,56.77,69.57,22.72,89.41,AVERAGE
SHREECEM,2026-10-03 21:26:51.927963,61.3,78.51,58.6,54.39,55.6,18.88,77.1,AVERAGE
SHRIRAMFIN,2026-10-03 21:26:51.927963,0.0,36.16,0.0,18.46,10.79,18.88,0.0,POOR
SHRIRAMFIN,2026-10-03 21:26:51.927963,49.59,53.91,86.33,15.29,4.43,22.72,90.77,WEAK
SHRIRAMFIN,2026-10-03 21:26:51.927963,42.2,50.15,68.51,16.25,10.62,24.64,63.08,WEAK
SHRIRAMFIN,2026-10-03 21:26:51.927963,36.84,46.66,57.29,16.96,13.63,16.92,49.59,WEAK
SHRIRAMFIN,2026-10-03 21:26:51.927963,38.2,43.56,57.33,17.63,11.71,37.3,51.4,WEAK
SHRIRAMFIN,2026-10-03 21:26:51.927963,43.13,42.96,68.87,18.88,8.44,42.44,68.51,WEAK
SHRIRAMFIN,2026-10-03 21:26:51.927963,55.23,55.56,91.81,20.63,9.45,46.45,92.13,AVERAGE
SHRIRAMFIN,2026-10-03 21:26:51.927963,49.53,57.25,76.52,20.01,5.85,47.99,74.93,WEAK
SHRIRAMFIN,2026-10-03 21:26:51.927963,18.59,36.1,4.66,18.21,5.18,39.89,7.6,POOR
SHRIRAMFIN,2026-10-03 21:26:51.927963,28.97,35.12,34.21,17.29,2.26,46.45,38.46,POOR
SHRIRAMFIN,2026-10-03 21:26:51.927963,42.63,49.77,57.51,18.71,9.36,26.48,78.82,WEAK
SHRIRAMFIN,2026-10-03 21:26:51.927963,39.24,58.19,43.94,18.63,3.85,24.64,67.15,WEAK
SIEMENS,2026-10-03 21:26:51.927963,0.0,53.64,0.0,85.09,28.22,37.3,0.0,POOR
SIEMENS,2026-10-03 21:26:51.927963,43.14,50.13,25.79,80.83,25.79,47.99,31.04,WEAK
SIEMENS,2026-10-03 21:26:51.927963,47.29,44.23,22.44,93.82,57.36,53.05,25.07,WEAK
SIEMENS,2026-10-03 21:26:51.927963,43.72,39.46,19.19,93.82,37.88,64.87,25.16,WEAK
SIEMENS,2026-10-03 21:26:51.927963,67.55,46.59,84.48,93.82,51.67,47.99,82.53,GOOD
SIEMENS,2026-10-03 21:26:51.927963,45.82,42.02,38.82,93.82,18.98,55.81,33.67,WEAK
SIEMENS,2026-10-03 21:26:51.927963,57.3,53.3,51.27,93.82,23.45,46.45,76.56,AVERAGE
SIEMENS,2026-10-03 21:26:51.927963,75.23,91.1,69.05,93.82,19.65,75.61,93.76,GOOD
SIEMENS,2026-10-03 21:26:51.927963,45.86,58.74,28.37,93.82,23.04,60.07,13.12,WEAK
SIEMENS,2026-10-03 21:26:51.927963,47.32,46.3,49.55,93.82,18.19,49.37,27.33,WEAK
SIEMENS,2026-10-03 21:26:51.927963,46.14,38.11,27.69,93.82,42.73,69.01,24.62,WEAK
SIEMENS,2026-10-03 21:26:51.927963,68.31,60.39,96.65,80.83,25.17,33.63,97.47,GOOD
SUNPHARMA,2026-10-03 21:26:51.927963,0.0,72.12,0.0,56.35,52.34,16.92,0.0,POOR
SUNPHARMA,2026-10-03 21:26:51.927963,75.95,73.72,90.14,74.64,56.1,67.71,87.42,GOOD
SUNPHARMA,2026-10-03 21:26:51.927963,51.48,72.32,36.95,63.49,24.92,66.42,40.68,AVERAGE
SUNPHARMA,2026-10-03 21:26:51.927963,50.01,42.31,20.95,77.9,82.02,93.11,12.94,AVERAGE
SUNPHARMA,2026-10-03 21:26:51.927963,48.6,33.11,24.8,69.72,82.69,90.39,23.08,WEAK
SUNPHARMA,2026-10-03 21:26:51.927963,64.17,54.43,66.79,59.06,65.68,51.25,89.14,AVERAGE
SUNPHARMA,2026-10-03 21:26:51.927963,40.02,47.49,29.75,56.77,27.3,51.25,29.73,WEAK
SUNPHARMA,2026-10-03 21:26:51.927963,44.58,41.66,32.85,55.93,64.55,47.99,31.49,WEAK
SUNPHARMA,2026-10-03 21:26:51.927963,68.12,80.48,86.79,55.93,35.12,26.48,95.57,GOOD
SUNPHARMA,2026-10-03 21:26:51.927963,45.05,74.0,25.75,54.14,44.19,29.45,24.71,WEAK
SUNPHARMA,2026-10-03 21:26:51.927963,47.89,87.79,12.49,80.83,40.01,20.97,21.45,WEAK
SUNPHARMA,2026-10-03 21:26:51.927963,64.76,80.73,80.18,61.4,43.44,22.72,70.32,AVERAGE
TATACONSUM,2026-10-03 21:26:51.927963,0.0,38.55,0.0,57.73,66.01,90.73,0.0,POOR
TATACONSUM,2026-10-03 21:26:51.927963,58.27,46.22,50.72,66.42,48.83,90.89,67.96,AVERAGE
TATACONSUM,2026-10-03 21:26:51.927963,49.44,40.57,31.18,68.13,62.88,89.47,29.73,WEAK
TATACONSUM,2026-10-03 21:26:51.927963,52.65,39.23,40.72,64.87,69.57,79.53,43.89,AVERAGE
TATACONSUM,2026-10-03 21:26:51.927963,42.82,25.52,19.05,64.87,78.09,86.34,17.01,WEAK
TATACONSUM,2026-10-03 21:26:51.927963,42.44,34.62,32.08,60.32,22.49,72.81,51.13,WEAK
TATACONSUM,2026-10-03 21:26:51.927963,51.98,41.79,56.54,60.74,26.21,60.07,74.48,AVERAGE
TATACONSUM,2026-10-03 21:26:51.927963,48.64,36.73,39.66,62.36,66.56,71.97,33.3,WEAK
TATACONSUM,2026-10-03 21:26:51.927963,17.27,5.75,24.98,57.73,8.7,0.08,5.79,POOR
TATACONSUM,2026-10-03 21:26:51.927963,34.26,24.5,39.91,57.23,64.3,17.92,0.9,POOR
TATACONSUM,2026-10-03 21:26:51.927963,55.22,37.54,66.2,56.77,32.32,57.81,89.68,AVERAGE
TATACONSUM,2026-10-03 21:26:51.927963,41.64,37.04,39.68,55.18,21.86,70.34,39.0,WEAK
TATAMOTORS,2026-10-03 21:26:51.927963,0.0,1.88,0.0,28.95,14.63,7.69,0.0,POOR
TATAMOTORS,2026-10-03 21:26:51.927963,13.32,3.14,19.91,27.61,10.37,7.69,13.94,POOR
TATAMOTORS,2026-10-03 21:26:51.927963,28.49,2.88,55.84,24.69,10.45,7.69,70.41,POOR
TATAMOTORS,2026-10-03 21:26:51.927963,23.07,3.34,53.62,21.97,12.88,7.69,36.74,POOR
TATAMOTORS,2026-10-03 21:26:51.927963,36.56,9.95,43.57,23.27,97.74,64.87,4.8,WEAK
TATAMOTORS,2026-10-03 21:26:51.927963,63.41,46.43,91.58,36.13,75.42,18.88,99.1,AVERAGE
TATAMOTORS,2026-10-03 21:26:51.927963,28.43,23.06,9.64,41.65,81.73,7.69,9.77,POOR
TATAMOTORS,2026-10-03 21:26:51.927963,37.25,22.41,35.84,35.09,87.71,7.69,35.29,WEAK
TATAMOTORS,2026-10-03 21:26:51.927963,48.59,37.86,44.62,33.88,76.76,17.92,78.73,WEAK
TATAMOTORS,2026-10-03 21:26:51.927963,57.05,37.96,85.57,35.46,80.77,7.69,81.63,AVERAGE
TATAMOTORS,2026-10-03 21:26:51.927963,46.18,40.61,40.68,41.77,81.23,16.92,51.67,WEAK
TATAMOTORS,2026-10-03 21:26:51.927963,44.8,31.44,55.75,42.23,85.37,13.7,35.2,WEAK
TATAPOWER,2026-10-03 21:26:51.927963,0.0,19.75,0.0,24.14,91.81,75.61,0.0,POOR
TATAPOWER,2026-10-03 21:26:51.927963,54.95,36.87,75.29,24.14,69.11,31.5,90.23,AVERAGE
TATAPOWER,2026-10-03 21:26:51.927963,47.3,39.38,47.24,23.27,79.52,31.5,62.9,WEAK
TATAPOWER,2026-10-03 21:26:51.927963,38.45,17.98,37.33,20.89,93.06,72.81,14.12,WEAK
TATAPOWER,2026-10-03 21:26:51.927963,42.77,14.3,45.29,21.89,96.4,85.8,25.43,WEAK
TATAPOWER,2026-10-03 21:26:51.927963,42.94,9.72,46.43,23.81,97.66,99.92,20.09,WEAK
TATAPOWER,2026-10-03 21:26:51.927963,26.91,6.86,27.24,22.64,99.41,0.25,9.41,POOR
TATAPOWER,2026-10-03 21:26:51.927963,59.9,19.38,71.86,26.86,92.31,79.53,99.0,AVERAGE
TATAPOWER,2026-10-03 21:26:51.927963,59.66,31.63,93.39,28.24,71.53,39.89,94.12,AVERAGE
TATAPOWER,2026-10-03 21:26:51.927963,53.46,32.19,70.68,30.03,84.28,35.3,70.68,AVERAGE
TATAPOWER,2026-10-03 21:26:51.927963,22.26,6.19,6.83,22.18,100.0,0.67,6.33,POOR
TATAPOWER,2026-10-03 21:26:51.927963,61.89,23.54,89.19,26.32,84.95,64.87,99.91,AVERAGE
TATASTEEL,2026-10-03 21:26:51.927963,0.0,33.42,0.0,33.54,83.32,31.5,0.0,POOR
TATASTEEL,2026-10-03 21:26:51.927963,49.47,30.77,43.89,37.09,91.3,74.14,42.17,WEAK
TATASTEEL,2026-10-03 21:26:51.927963,18.18,4.31,47.06,40.94,6.02,0.75,3.8,POOR
TATASTEEL,2026-10-03 21:26:51.927963,40.33,23.95,33.35,43.57,82.44,84.17,2.35,WEAK
TATASTEEL,2026-10-03 21:26:51.927963,66.53,75.54,77.83,47.16,46.28,33.63,98.01,GOOD
TATASTEEL,2026-10-03 21:26:51.927963,29.96,61.83,9.86,32.83,22.37,20.97,14.39,POOR
TATASTEEL,2026-10-03 21:26:51.927963,11.22,3.97,19.5,26.48,9.95,1.25,4.89,POOR
TATASTEEL,2026-10-03 21:26:51.927963,40.32,8.13,43.67,31.5,98.41,93.69,4.62,WEAK
TATASTEEL,2026-10-03 21:26:51.927963,11.25,3.97,23.98,24.69,9.28,1.34,1.54,POOR
TATASTEEL,2026-10-03 21:26:51.927963,34.65,19.06,34.03,27.36,87.0,54.39,3.26,POOR
TATASTEEL,2026-10-03 21:26:51.927963,10.58,2.72,17.92,27.36,11.45,1.59,2.26,POOR
TATASTEEL,2026-10-03 21:26:51.927963,8.92,5.85,10.23,28.11,0.84,0.5,6.79,POOR
TCS,2026-10-03 21:26:51.927963,0.0,86.83,0.0,68.13,39.17,88.35,0.0,POOR
TCS,2026-10-03 21:26:51.927963,66.14,86.83,54.59,68.13,39.17,88.35,57.24,GOOD
TCS,2026-10-03 21:26:51.927963,62.63,86.41,41.04,68.13,41.26,97.99,44.07,AVERAGE
TCS,2026-10-03 21:26:51.927963,67.31,86.41,54.59,68.13,41.26,97.99,57.24,GOOD
TCS,2026-10-03 21:26:51.927963,59.4,87.0,33.35,68.13,45.07,75.61,42.9,AVERAGE
TCS,2026-10-03 21:26:51.927963,65.8,87.0,54.59,68.13,45.07,75.61,57.24,GOOD
TCS,2026-10-03 21:26:51.927963,59.18,85.99,30.95,68.13,52.84,78.24,36.83,AVERAGE
TCS,2026-10-03 21:26:51.927963,66.97,85.99,54.59,68.13,52.84,78.24,57.24,GOOD
TCS,2026-10-03 21:26:51.927963,64.7,87.5,46.24,66.42,41.97,95.99,51.49,AVERAGE
TCS,2026-10-03 21:26:51.927963,67.24,87.5,54.59,66.42,41.97,95.99,57.24,GOOD
TCS,2026-10-03 21:26:51.927963,64.78,88.88,43.44,93.82,35.7,70.34,49.41,AVERAGE
TCS,2026-10-03 21:26:51.927963,68.19,88.88,54.59,93.82,35.7,70.34,57.24,GOOD
TCS,2026-10-03 21:26:51.927963,59.68,87.25,27.96,93.82,40.01,71.35,33.76,AVERAGE
TCS,2026-10-03 21:26:51.927963,68.53,87.25,54.59,93.82,40.01,71.35,57.24,GOOD
TCS,2026-10-03 21:26:51.927963,69.08,88.69,52.58,93.82,39.17,69.01,63.62,GOOD
TCS,2026-10-03 21:26:51.927963,68.53,88.69,54.59,93.82,39.17,69.01,57.24,GOOD
TCS,2026-10-03 21:26:51.927963,62.62,89.55,40.14,93.82,30.35,69.01,44.52,AVERAGE
TCS,2026-10-03 21:26:51.927963,67.42,89.55,54.59,93.82,30.35,69.01,57.24,GOOD
TCS,2026-10-03 21:26:51.927963,61.5,88.34,30.68,85.09,40.01,94.19,33.94,AVERAGE
TCS,2026-10-03 21:26:51.927963,69.77,88.34,54.59,85.09,40.01,94.19,57.24,GOOD
TCS,2026-10-03 21:26:51.927963,61.24,90.84,37.15,85.09,29.47,66.42,48.51,AVERAGE
TCS,2026-10-03 21:26:51.927963,66.04,90.84,54.59,85.09,29.47,66.42,57.24,GOOD
TCS,2026-10-03 21:26:51.927963,54.23,89.17,20.68,85.09,32.32,62.57,26.24,AVERAGE
TCS,2026-10-03 21:26:51.927963,65.67,89.17,54.59,85.09,32.32,62.57,57.24,GOOD
TECHM,2026-10-03 21:26:51.927963,0.0,35.12,0.0,66.42,82.19,99.25,0.0,POOR
TECHM,2026-10-03 21:26:51.927963,60.5,35.12,54.59,66.42,82.19,99.25,57.24,AVERAGE
TECHM,2026-10-03 21:26:51.927963,69.5,53.47,75.59,66.42,51.25,97.2,90.95,GOOD
TECHM,2026-10-03 21:26:51.927963,60.24,53.47,54.59,66.42,51.25,97.2,57.24,AVERAGE
TECHM,2026-10-03 21:26:51.927963,60.11,64.07,47.01,66.42,37.88,82.12,72.22,AVERAGE
TECHM,2026-10-03 21:26:51.927963,59.38,64.07,54.59,66.42,37.88,82.12,57.24,AVERAGE
TECHM,2026-10-03 21:26:51.927963,54.48,59.03,26.7,63.49,71.28,96.45,30.14,AVERAGE
TECHM,2026-10-03 21:26:51.927963,64.12,59.03,54.59,63.49,71.28,96.45,57.24,AVERAGE
TECHM,2026-10-03 21:26:51.927963,51.65,56.35,42.44,59.69,49.54,64.87,41.36,AVERAGE
TECHM,2026-10-03 21:26:51.927963,56.46,56.35,54.59,59.69,49.54,64.87,57.24,AVERAGE
TECHM,2026-10-03 21:26:51.927963,59.58,63.8,54.3,66.42,44.19,57.81,69.32,AVERAGE
TECHM,2026-10-03 21:26:51.927963,57.83,63.8,54.59,66.42,44.19,57.81,57.24,AVERAGE
TECHM,2026-10-03 21:26:51.927963,50.38,62.69,35.02,62.36,37.88,66.42,40.18,AVERAGE
TECHM,2026-10-03 21:26:51.927963,56.85,62.69,54.59,62.36,37.88,66.42,57.24,AVERAGE
TECHM,2026-10-03 21:26:51.927963,50.15,55.46,34.1,69.72,61.2,55.81,28.33,AVERAGE
TECHM,2026-10-03 21:26:51.927963,58.59,55.46,54.59,69.72,61.2,55.81,57.24,AVERAGE
TECHM,2026-10-03 21:26:51.927963,59.77,62.44,49.77,71.35,45.07,69.01,65.61,AVERAGE
TECHM,2026-10-03 21:26:51.927963,59.48,62.44,54.59,71.35,45.07,69.01,57.24,AVERAGE
TECHM,2026-10-03 21:26:51.927963,49.27,63.09,32.13,73.18,36.5,46.45,39.82,WEAK
TECHM,2026-10-03 21:26:51.927963,56.37,63.09,54.59,73.18,36.5,46.45,57.24,AVERAGE
TECHM,2026-10-03 21:26:51.927963,58.03,79.31,46.47,75.94,24.0,31.5,71.76,AVERAGE
TECHM,2026-10-03 21:26:51.927963,57.47,79.31,54.59,75.94,24.0,31.5,57.24,AVERAGE
TECHM,2026-10-03 21:26:51.927963,37.45,77.26,8.73,56.77,26.67,16.92,14.57,WEAK
TECHM,2026-10-03 21:26:51.927963,53.03,77.26,54.59,56.77,26.67,16.92,57.24,AVERAGE
TITAN,2026-10-03 21:26:51.927963,0.0,48.66,0.0,30.37,22.83,55.81,0.0,POOR
TITAN,2026-10-03 21:26:51.927963,41.7,52.74,31.49,44.11,22.16,54.39,45.61,WEAK
TITAN,2026-10-03 21:26:51.927963,34.55,49.37,17.06,44.32,16.1,62.57,23.17,POOR
TITAN,2026-10-03 21:26:51.927963,41.21,35.72,14.16,44.95,88.29,71.35,15.48,WEAK
TITAN,2026-10-03 21:26:51.927963,52.65,49.18,63.71,50.29,16.47,49.37,84.43,AVERAGE
TITAN,2026-10-03 21:26:51.927963,47.24,49.87,41.63,53.59,34.7,64.87,44.8,WEAK
TITAN,2026-10-03 21:26:51.927963,38.8,49.16,25.52,54.59,17.93,57.81,31.67,WEAK
TITAN,2026-10-03 21:26:51.927963,44.27,42.18,20.81,52.67,79.81,64.87,21.36,WEAK
TITAN,2026-10-03 21:26:51.927963,48.77,46.72,36.38,77.9,33.28,57.81,49.05,WEAK
TITAN,2026-10-03 21:26:51.927963,58.63,52.51,68.82,77.9,25.46,51.25,74.03,AVERAGE
TITAN,2026-10-03 21:26:51.927963,41.96,49.46,38.82,54.72,14.3,51.25,42.35,WEAK
TITAN,2026-10-03 21:26:51.927963,52.82,50.92,43.53,93.82,29.47,53.05,50.59,AVERAGE
TORNTPHARM,2026-10-03 21:26:51.927963,0.0,68.12,0.0,48.96,73.37,87.97,0.0,POOR
TORNTPHARM,2026-10-03 21:26:51.927963,50.97,58.86,29.71,42.4,71.91,89.47,28.14,AVERAGE
TORNTPHARM,2026-10-03 21:26:51.927963,48.3,46.34,25.38,46.49,77.63,98.41,21.18,WEAK
TORNTPHARM,2026-10-03 21:26:51.927963,66.2,64.84,62.4,43.32,66.14,82.12,85.88,GOOD
TORNTPHARM,2026-10-03 21:26:51.927963,50.2,57.04,39.55,36.84,59.41,85.8,33.39,AVERAGE
TORNTPHARM,2026-10-03 21:26:51.927963,39.02,64.34,8.87,51.55,21.45,80.62,14.3,WEAK
TORNTPHARM,2026-10-03 21:26:51.927963,63.19,47.22,89.59,34.54,57.78,69.01,84.8,AVERAGE
TORNTPHARM,2026-10-03 21:26:51.927963,61.13,67.18,62.62,49.37,47.2,51.25,81.36,AVERAGE
TORNTPHARM,2026-10-03 21:26:51.927963,75.57,88.55,81.58,46.91,65.89,67.71,89.5,GOOD
TORNTPHARM,2026-10-03 21:26:51.927963,39.7,67.14,12.83,38.97,47.2,51.25,15.34,WEAK
TORNTPHARM,2026-10-03 21:26:51.927963,49.48,30.2,56.2,35.67,88.13,91.19,20.0,WEAK
TORNTPHARM,2026-10-03 21:26:51.927963,57.36,71.82,45.16,48.96,35.12,51.25,84.25,AVERAGE
TRENT,2026-10-03 21:26:51.927963,0.0,70.82,0.0,52.92,35.7,19.84,0.0,POOR
TRENT,2026-10-03 21:26:51.927963,29.41,33.9,9.46,29.2,63.59,37.3,9.32,POOR
TRENT,2026-10-03 21:26:51.927963,27.38,7.82,6.74,27.49,67.22,87.97,7.15,POOR
TRENT,2026-10-03 21:26:51.927963,13.02,2.76,4.21,62.36,12.04,1.42,1.27,POOR
TRENT,2026-10-03 21:26:51.927963,42.55,19.02,45.7,62.36,86.16,57.81,3.98,WEAK
TRENT,2026-10-03 21:26:51.927963,38.02,27.74,27.6,54.85,19.94,80.62,41.9,WEAK
TRENT,2026-10-03 21:26:51.927963,41.72,28.49,31.86,56.77,34.7,79.53,43.71,WEAK
TRENT,2026-10-03 21:26:51.927963,46.16,30.77,35.93,56.77,53.47,72.81,49.77,WEAK
TRENT,2026-10-03 21:26:51.927963,42.78,22.05,29.59,55.93,73.54,86.34,21.99,WEAK
TRENT,2026-10-03 21:26:51.927963,58.27,37.98,90.5,58.56,17.73,53.05,92.85,AVERAGE
TRENT,2026-10-03 21:26:51.927963,28.64,4.93,32.62,54.39,79.18,0.58,5.25,POOR
TRENT,2026-10-03 21:26:51.927963,35.54,4.6,58.42,55.51,13.25,0.84,82.08,WEAK
TVSMOTOR,2026-10-03 21:26:51.927963,0.0,31.46,0.0,20.3,14.55,47.99,0.0,POOR
TVSMOTOR,2026-10-03 21:26:51.927963,23.71,28.72,23.26,19.26,8.19,37.3,26.88,POOR
TVSMOTOR,2026-10-03 21:26:51.927963,21.5,22.47,16.61,21.47,10.62,49.37,18.73,POOR
TVSMOTOR,2026-10-03 21:26:51.927963,36.12,23.12,26.61,22.51,71.7,55.81,35.38,WEAK
TVSMOTOR,2026-10-03 21:26:51.927963,36.67,29.22,7.19,47.74,80.48,71.35,10.41,WEAK
TVSMOTOR,2026-10-03 21:26:51.927963,51.63,29.77,96.61,23.43,12.75,49.37,96.65,AVERAGE
TVSMOTOR,2026-10-03 21:26:51.927963,33.31,32.65,31.45,24.56,24.25,49.37,43.98,POOR
TVSMOTOR,2026-10-03 21:26:51.927963,39.66,39.34,22.08,48.96,58.82,47.99,29.59,WEAK
TVSMOTOR,2026-10-03 21:26:51.927963,46.56,38.8,35.43,48.62,76.09,55.81,36.56,WEAK
TVSMOTOR,2026-10-03 21:26:51.927963,34.55,35.45,31.02,42.98,20.32,55.81,29.41,POOR
TVSMOTOR,2026-10-03 21:26:51.927963,37.47,31.56,16.11,37.09,77.97,60.07,20.63,WEAK
TVSMOTOR,2026-10-03 21:26:51.927963,52.78,26.73,96.43,21.72,24.92,54.39,95.84,AVERAGE
ULTRACEMCO,2026-10-03 21:26:51.927963,0.0,61.1,0.0,57.73,56.44,31.5,0.0,POOR
ULTRACEMCO,2026-10-03 21:26:51.927963,48.21,41.62,51.54,58.1,69.9,46.45,24.34,WEAK
ULTRACEMCO,2026-10-03 21:26:51.927963,54.85,53.85,38.87,51.55,77.26,42.44,66.97,AVERAGE
ULTRACEMCO,2026-10-03 21:26:51.927963,65.41,50.0,84.57,58.56,65.3,57.81,77.56,GOOD
ULTRACEMCO,2026-10-03 21:26:51.927963,32.83,30.81,9.37,44.95,80.02,28.07,11.31,POOR
ULTRACEMCO,2026-10-03 21:26:51.927963,51.86,60.12,37.78,51.75,58.82,20.97,70.59,AVERAGE
ULTRACEMCO,2026-10-03 21:26:51.927963,47.36,51.34,46.24,52.92,65.3,24.64,33.85,WEAK
ULTRACEMCO,2026-10-03 21:26:51.927963,51.23,44.52,59.05,50.63,73.7,26.48,46.61,AVERAGE
ULTRACEMCO,2026-10-03 21:26:51.927963,66.62,58.13,94.3,48.96,65.3,18.88,94.66,GOOD
ULTRACEMCO,2026-10-03 21:26:51.927963,37.28,47.97,11.29,51.75,70.4,24.64,14.98,WEAK
ULTRACEMCO,2026-10-03 21:26:51.927963,47.53,35.79,61.76,45.32,68.77,28.07,42.08,WEAK
ULTRACEMCO,2026-10-03 21:26:51.927963,54.36,50.82,47.24,54.14,70.86,22.72,74.57,AVERAGE
UNIONBANK,2026-10-03 21:26:51.927963,0.0,13.88,0.0,1.17,18.6,22.72,0.0,POOR
UNIONBANK,2026-10-03 21:26:51.927963,35.65,24.81,50.72,1.0,11.2,46.45,85.52,WEAK
UNIONBANK,2026-10-03 21:26:51.927963,32.54,17.75,53.21,0.5,63.96,31.5,30.95,POOR
UNIONBANK,2026-10-03 21:26:51.927963,33.68,17.12,66.52,0.42,11.04,46.45,64.89,POOR
UNIONBANK,2026-10-03 21:26:51.927963,57.8,37.44,98.42,3.17,61.58,42.44,98.64,AVERAGE
UNIONBANK,2026-10-03 21:26:51.927963,28.97,21.17,11.27,1.84,94.31,51.25,12.49,POOR
UNIONBANK,2026-10-03 21:26:51.927963,6.46,3.85,5.18,2.42,18.31,7.69,3.89,POOR
UNIONBANK,2026-10-03 21:26:51.927963,29.03,3.7,40.32,0.75,82.19,7.69,45.52,POOR
UNIONBANK,2026-10-03 21:26:51.927963,29.83,2.86,65.2,0.33,13.13,7.69,88.6,POOR
UNIONBANK,2026-10-03 21:26:51.927963,9.28,8.51,25.88,0.67,1.84,7.69,5.52,POOR
UNIONBANK,2026-10-03 21:26:51.927963,51.38,29.08,98.14,2.59,28.22,49.37,99.46,AVERAGE
UNIONBANK,2026-10-03 21:26:51.927963,23.86,13.52,17.74,2.09,94.73,7.69,10.95,POOR
