year_id,year_label,fiscal_year,quarter,is_half_year
202510,Oct2025,2026,Q3,False
201610,Oct2016,2017,Q3,False
202310,Oct2023,2024,Q3,False
202110,Oct2021,2022,Q3,False
201212,Dec2012,2013,Q3,False
201403,Mar2014,2014,Q4,True
201503,Mar2015,2015,Q4,True
201603,Mar2016,2016,Q4,True
201703,Mar2017,2017,Q4,True
201803,Mar2018,2018,Q4,True
201903,Mar2019,2019,Q4,True
202003,Mar2020,2020,Q4,True
202103,Mar2021,2021,Q4,True
202203,Mar2022,2022,Q4,True
202303,Mar2023,2023,Q4,True
202403,Mar2024,2024,Q4,True
202409,Sep2024,2025,Q2,True
201303,Mar2013,2013,Q4,True
201312,Dec2013,2014,Q3,False
201412,Dec2014,2015,Q3,False
201512,Dec2015,2016,Q3,False
201612,Dec2016,2017,Q3,False
201712,Dec2017,2018,Q3,False
201812,Dec2018,2019,Q3,False
201912,Dec2019,2020,Q3,False
202012,Dec2020,2021,Q3,False
202112,Dec2021,2022,Q3,False
201306,Jun2013,2014,Q1,False
201406,Jun2014,2015,Q1,False
201506,Jun2015,2016,Q1,False
202212,Dec2022,2023,Q3,False
202312,Dec2023,2024,Q3,False
201103,Mar2011,2011,Q4,True
201203,Mar2012,2012,Q4,True
201301,Jan2013,2014,Q4,True
201401,Jan2014,2015,Q4,True
201501,Jan2015,2016,Q4,True
201601,Jan2016,2017,Q4,True
201701,Jan2017,2018,Q4,True
201801,Jan2018,2019,Q4,True
201901,Jan2019,2020,Q4,True
202001,Jan2020,2021,Q4,True
202101,Jan2021,2022,Q4,True
202201,Jan2022,2023,Q4,True
202301,Jan2023,2024,Q4,True
202401,Jan2024,2025,Q4,True
202405,May2024,2025,Q1,False
201109,Sep2011,2012,Q2,True
201409,Sep2014,2015,Q2,True
201509,Sep2015,2016,Q2,True
201609,Sep2016,2017,Q2,True
201709,Sep2017,2018,Q2,True
201809,Sep2018,2019,Q2,True
201909,Sep2019,2020,Q2,True
202009,Sep2020,2021,Q2,True
202109,Sep2021,2022,Q2,True
202209,Sep2022,2023,Q2,True
202309,Sep2023,2024,Q2,True
201603,Mar2016,2016,Q4,True
202003,Mar2020,2020,Q4,True
201903,Mar2019,2019,Q4,True
201803,Mar2018,2018,Q4,True
201703,Mar2017,2017,Q4,True
202303,Mar2023,2023,Q4,True
201503,Mar2015,2015,Q4,True
201403,Mar2014,2014,Q4,True
202403,Mar2024,2024,Q4,True
202203,Mar2022,2022,Q4,True
202103,Mar2021,2021,Q4,True
201212,Dec2012,2013,Q3,False
201303,Mar2013,2013,Q4,True
202112,Dec2021,2022,Q3,False
202012,Dec2020,2021,Q3,False
201912,Dec2019,2020,Q3,False
201812,Dec2018,2019,Q3,False
201712,Dec2017,2018,Q3,False
201512,Dec2015,2016,Q3,False
201612,Dec2016,2017,Q3,False
201312,Dec2013,2014,Q3,False
201412,Dec2014,2015,Q3,False
201506,Jun2015,2016,Q1,False
201306,Jun2013,2014,Q1,False
201406,Jun2014,2015,Q1,False
202312,Dec2023,2024,Q3,False
202212,Dec2022,2023,Q3,False
202109,Sep2021,2022,Q2,True
202409,Sep2024,2025,Q2,True
202309,Sep2023,2024,Q2,True
202209,Sep2022,2023,Q2,True
202009,Sep2020,2021,Q2,True
201909,Sep2019,2020,Q2,True
201809,Sep2018,2019,Q2,True
201709,Sep2017,2018,Q2,True
201609,Sep2016,2017,Q2,True
201509,Sep2015,2016,Q2,True
201109,Sep2011,2012,Q2,True
201409,Sep2014,2015,Q2,True
202403,Mar2024,2024,Q4,True
202303,Mar2023,2023,Q4,True
202203,Mar2022,2022,Q4,True
202103,Mar2021,2021,Q4,True
202003,Mar2020,2020,Q4,True
201903,Mar2019,2019,Q4,True
201803,Mar2018,2018,Q4,True
201703,Mar2017,2017,Q4,True
201503,Mar2015,2015,Q4,True
201403,Mar2014,2014,Q4,True
201212,Dec2012,2013,Q3,False
201603,Mar2016,2016,Q4,True
201303,Mar2013,2013,Q4,True
201512,Dec2015,2016,Q3,False
201412,Dec2014,2015,Q3,False
201312,Dec2013,2014,Q3,False
202112,Dec2021,2022,Q3,False
202012,Dec2020,2021,Q3,False
201912,Dec2019,2020,Q3,False
201812,Dec2018,2019,Q3,False
201712,Dec2017,2018,Q3,False
201612,Dec2016,2017,Q3,False
201506,Jun2015,2016,Q1,False
201406,Jun2014,2015,Q1,False
201306,Jun2013,2014,Q1,False
201103,Mar2011,2011,Q4,True
201203,Mar2012,2012,Q4,True
202312,Dec2023,2024,Q3,False
202212,Dec2022,2023,Q3,False
202309,Sep2023,2024,Q2,True
202209,Sep2022,2023,Q2,True
202109,Sep2021,2022,Q2,True
202009,Sep2020,2021,Q2,True
201909,Sep2019,2020,Q2,True
201809,Sep2018,2019,Q2,True
201709,Sep2017,2018,Q2,True
201609,Sep2016,2017,Q2,True
201509,Sep2015,2016,Q2,True
201109,Sep2011,2012,Q2,True
201409,Sep2014,2015,Q2,True
202409,Sep2024,2025,Q2,True
