symbol,company_name,face_value,book_value,roce_percentage,roe_percentage,sector
ABB,Abbott India Ltd,10.0,1657.0,46.0,34.9,INDUSTRIALS
ADANIENSOL,Adani Energy Solutions Ltd,10.0,175.0,9.0,8.59,UTILITIES
ADANIENT,Adani Enterprises Ltd,1.0,363.0,11.6,13.64,ENERGY
ADANIGREEN,Adani Green Energy Ltd,10.0,67.0,96.5,14.7,UTILITIES
ADANIPORTS,"Adani Ports & Special Economic Zone Ltd
",2.0,265.0,12.9,18.1,INDUSTRIALS
ADANIPOWER,Adani Power Ltd,10.0,145.0,32.2,57.1,UTILITIES
AMBUJACEM,Ambuja Cements Ltd,2.0,205.0,12.8,9.24,BASIC-MATERIALS
APOLLOHOSP,"Apollo Hospitals
Chain of Indian private hospitals",5.0,522.0,17.2,13.81,HEALTHCARE
ASIANPAINT,"Asian Paints
Indian Multi-National Paint and Coating Manufacturing Company",1.0,188.0,41.75,31.45,BASIC-MATERIALS
ATGL,Adani Total Gas Ltd,1.0,36.0,21.2,20.5,UTILITIES
AXISBANK,Axis Bank Ltd,2.0,509.0,7.06,18.4,FINANCIAL-SERVICES
BAJAJ-AUTO,Bajaj Auto Ltd,10.0,1109.0,33.5,26.5,CONSUMER-CYCLICAL
BAJAJFINSV,Bajaj Finserv Ltd,1.0,428.0,21.14,11.72,FINANCIAL-SERVICES
BAJAJHLDNG,Bajaj Holdings & Investment Ltd,10.0,5375.0,13.1,14.8,FINANCIAL-SERVICES
BAJFINANCE,Bajaj Finance Ltd,2.0,1402.0,11.9,22.1,FINANCIAL-SERVICES
BANKBARODA,Bank of Baroda,2.0,231.0,6.33,16.7,FINANCIAL-SERVICES
BEL,Bharat Electronics Ltd,1.0,24.0,34.6,26.3,INDUSTRIALS
BHARTIARTL,Bharti Airtel Ltd,5.0,153.0,13.1,14.9,COMMUNICATION-SERVICES
BHEL,"Bharat Heavy Electricals Limited
",2.0,70.0,3.28,1.05,INDUSTRIALS
BOSCHLTD,Bosch Ltd,10.0,4319.0,20.6,16.0,CONSUMER-CYCLICAL
BPCL,Bharat Petroleum Corporation Ltd,10.0,178.0,32.1,41.9,ENERGY
BRITANNIA,Britannia Industries Ltd,1.0,133.0,48.9,57.1,CONSUMER-DEFENSIVE
CANBK,Canara Bank,2.0,102.0,6.63,17.9,FINANCIAL-SERVICES
CHOLAFIN,Cholamandalam Investment & Finance Company Ltd,2.0,255.0,10.4,20.2,FINANCIAL-SERVICES
CIPLA,"Cipla Ltd
",2.0,351.0,22.8,16.8,HEALTHCARE
COALINDIA,Coal India Ltd,10.0,156.0,63.6,52.0,ENERGY
DABUR,Dabur India Ltd,1.0,59.0,22.3,19.2,CONSUMER-DEFENSIVE
DIVISLAB,Divis Laboratories Ltd,2.0,517.0,16.5,12.2,HEALTHCARE
DLF,DLF Ltd,2.0,163.0,5.74,6.95,REAL-ESTATE
DMART,Avenue Supermarts Ltd,10.0,309.0,19.4,14.5,CONSUMER-DEFENSIVE
DRREDDY,Dr Reddys Laboratories Ltd,1.0,369.0,26.5,21.4,HEALTHCARE
EICHERMOT,Eicher Motors Ltd,1.0,693.0,31.1,24.2,CONSUMER-CYCLICAL
GAIL,GAIL (India) Ltd,10.0,127.0,14.7,14.0,UTILITIES
GODREJCP,Godrej Consumer Products Ltd,1.0,119.0,26.49,6.77,CONSUMER-DEFENSIVE
GRASIM,Grasim Industries Ltd,2.0,1411.0,9.3,6.9,BASIC-MATERIALS
HAL,Hindustan Aeronautics Ltd,5.0,465.0,38.9,28.9,INDUSTRIALS
HAVELLS,Havells India Ltd,1.0,124.0,24.4,18.0,INDUSTRIALS
HCLTECH,HCL Technologies Ltd,2.0,254.0,29.6,23.3,TECHNOLOGY
HDFCBANK,HDFC Bank Ltd,1.0,601.0,7.67,17.1,FINANCIAL-SERVICES
HDFCLIFE,HDFC Life Insurance Company Ltd,10.0,73.0,6.61,11.4,FINANCIAL-SERVICES
HEROMOTOCO,"Hero MotoCorp Ltd
",2.0,951.0,29.1,22.0,CONSUMER-CYCLICAL
HINDALCO,Hindalco Industries Ltd,1.0,153.0,11.3,10.2,BASIC-MATERIALS
HINDUNILVR,"Hindustan Unilever Ltd
",1.0,216.0,27.2,20.2,CONSUMER-DEFENSIVE
ICICIBANK,ICICI Bank Ltd,2.0,365.0,7.6,18.8,FINANCIAL-SERVICES
ICICIGI,ICICI Lombard General Insurance Company Ltd,10.0,275.0,22.5,17.0,FINANCIAL-SERVICES
ICICIPRULI,ICICI Prudential Life Insurance Company Ltd,10.0,80.0,8.75,8.07,FINANCIAL-SERVICES
INDUSINDBK,IndusInd Bank Ltd,10.0,807.0,7.93,15.2,FINANCIAL-SERVICES
INFY,Infosys Ltd,5.0,218.0,40.0,31.8,TECHNOLOGY
IOC,"Indian Oil Corporation
",10.0,129.0,21.31,25.44,ENERGY
IRCTC,Indian Railway Catering & Tourism Corporation Ltd,2.0,44.0,53.8,40.4,CONSUMER-CYCLICAL
IRFC,Indian Railway Finance Corporation Ltd,10.0,39.0,5.73,13.7,FINANCIAL-SERVICES
ITC,"ITC Ltd
",1.0,60.0,34.76,29.47,CONSUMER-DEFENSIVE
JINDALSTEL,Jindal Steel & Power Ltd,1.0,464.0,13.2,14.1,BASIC-MATERIALS
JIOFIN,Jio Financial Services Ltd,10.0,216.0,2.16,1.82,FINANCIAL-SERVICES
JSWENERGY,JSW Energy Ltd,10.0,160.0,8.59,8.4,UTILITIES
JSWSTEEL,JSW Steel Ltd,1.0,326.0,13.36,11.66,BASIC-MATERIALS
KOTAKBANK,"Kotak Mahindra Bank Ltd
",5.0,654.0,7.86,15.1,FINANCIAL-SERVICES
LICI,Life Insurance Corporation of India,10.0,154.0,63.79,63.61,FINANCIAL-SERVICES
LODHA,Macrotech Developers Ltd,10.0,183.0,11.1,10.7,REAL-ESTATE
LT,Larsen & Toubro Ltd,2.0,635.0,17.18,10.49,INDUSTRIALS
LTIM,LTIMindtree Ltd,1.0,711.0,34.1,26.04,TECHNOLOGY
M&M,"Mahindra & Mahindra Ltd
",5.0,567.0,26.98,17.99,CONSUMER-CYCLICAL
MARUTI,Maruti Suzuki India Ltd,5.0,2835.0,23.67,15.75,CONSUMER-CYCLICAL
MOTHERSON,Samvardhana Motherson International Ltd,1.0,46.0,13.7,11.8,CONSUMER-CYCLICAL
NAUKRI,Info Edge (India) Ltd,10.0,3225.0,3.65,2.44,COMMUNICATION-SERVICES
NESTLEIND,Nestle India Ltd,1.0,41.0,185.43,135.61,CONSUMER-DEFENSIVE
NHPC,"NHPC Ltd
",10.0,40.0,7.67,9.61,UTILITIES
NTPC,NTPC Ltd,10.0,174.0,10.58,12.52,UTILITIES
ONGC,Oil & Natural Gas Corpn Ltd,5.0,275.0,19.71,14.32,ENERGY
PFC,Power Finance Corporation Ltd,10.0,333.0,9.96,19.49,FINANCIAL-SERVICES
PIDILITIND,Pidilite Industries Ltd,1.0,171.0,29.7,22.8,BASIC-MATERIALS
PNB,Punjab National Bank,2.0,110.0,1.63,8.7,FINANCIAL-SERVICES
POWERGRID,Power Grid Corporation of India Ltd,10.0,99.0,13.2,19.0,UTILITIES
RECLTD,REC Ltd,10.0,279.0,10.0,22.2,FINANCIAL-SERVICES
RELIANCE,"Reliance Industries Ltd
",10.0,606.0,9.61,9.25,ENERGY
SBILIFE,SBI Life Insurance Company Ltd,10.0,162.0,13.2,12.0,FINANCIAL-SERVICES
SBIN,State Bank of India,1.0,465.0,6.16,17.3,FINANCIAL-SERVICES
SHREECEM,Shree Cement Ltd,10.0,5787.0,14.8,12.2,BASIC-MATERIALS
SHRIRAMFIN,"Shriram Finance Ltd
",2.0,279.0,11.3,15.9,FINANCIAL-SERVICES
SIEMENS,Siemens Ltd,2.0,431.0,25.6,19.1,INDUSTRIALS
SUNPHARMA,Sun Pharmaceuticals Industries Ltd,1.0,288.0,17.3,16.7,HEALTHCARE
TATACONSUM,Tata Consumer Products Ltd,1.0,193.0,10.6,8.32,CONSUMER-DEFENSIVE
TATAMOTORS,Tata Motors Ltd,2.0,275.0,20.1,49.4,AUTOMOBILE
TATAPOWER,"Tata Power Company Ltd
",1.0,105.0,11.1,11.3,UTILITIES
TATASTEEL,"Tata Steel Ltd
",1.0,72.0,7.02,6.55,BASIC-MATERIALS
TCS,Tata Consultancy Services Ltd,1.0,281.0,64.3,0.52,TECHNOLOGY
TECHM,Tech Mahindra Ltd,5.0,270.0,11.9,8.63,TECHNOLOGY
TITAN,"Titan Company Ltd
",1.0,110.0,22.7,32.9,CONSUMER-CYCLICAL
TORNTPHARM,Torrent Pharmaceuticals Ltd,5.0,222.0,23.2,24.2,HEALTHCARE
TRENT,Trent Ltd,1.0,132.0,23.8,27.2,CONSUMER-CYCLICAL
